match_id,player_id,team,opponent,home,position,minutes,goals,assists,shots_on_target,key_passes,tackles,yellow_cards,red_cards,fantasy_points,opponent_strength
3857254,Kasper Dolberg,,,,,0,0,0,0,0,0,0,0,0,
3857254,Christian Dannemann Eriksen,,,,,0,0,0,0,0,0,0,0,0,
3857254,Andreas Skov Olsen,,,,,0,0,0,0,0,0,0,0,0,
3857254,Rasmus Nissen Kristensen,,,,,0,0,0,0,0,0,0,0,0,
3857254,Joakim Mæhle,,,,,0,0,0,0,0,0,0,0,0,
3857254,Pierre-Emile Højbjerg,,,,,0,0,0,0,0,0,0,0,0,
3857254,Aymen Dahmen,,,,,0,0,0,0,0,0,0,0,0,
3857254,Andreas Christensen,,,,,0,0,0,0,0,0,0,0,0,
3857254,Dylan Daniel Mahmoud Bronn,,,,,0,0,0,0,0,0,0,0,0,
3857254,Yassine Meriah,,,,,0,0,0,0,0,0,0,0,0,
3857254,Issam Jebali,,,,,0,0,0,0,0,0,0,0,0,
3857254,Anis Ben Slimane,,,,,0,0,0,0,0,0,0,0,0,
3857254,Joachim Andersen,,,,,0,0,0,0,0,0,0,0,0,
3857254,Kasper Schmeichel,,,,,0,0,0,0,0,0,0,0,0,
3857254,Simon Thorup Kjær,,,,,0,0,0,0,0,0,0,0,0,
3857254,Thomas Delaney,,,,,0,0,0,0,0,0,0,0,0,
3857254,Ali Abdi,,,,,0,0,0,0,0,0,0,0,0,
3857254,Aïssa Bilal Laïdouni,,,,,0,0,0,0,0,0,0,0,0,
3857254,Mohamed Dräger,,,,,0,0,0,0,0,0,0,0,0,
3857254,Montassar Omar Talbi,,,,,0,0,0,0,0,0,0,0,0,
3857254,Ellyes Joris Skhiri,,,,,0,0,0,0,0,0,0,0,0,
3857254,Youssef Msakni,,,,,0,0,0,0,0,0,0,0,0,
3857254,Mikkel Damsgaard,,,,,0,0,0,0,0,0,0,0,0,
3857254,Mathias Jensen,,,,,0,0,0,0,0,0,0,0,0,
3857254,Naïm Sliti,,,,,0,0,0,0,0,0,0,0,0,
3857254,Andreas Evald Cornelius,,,,,0,0,0,0,0,0,0,0,0,
3857254,Hannibal Mejbri,,,,,0,0,0,0,0,0,0,0,0,
3857254,Taha Yassine Khenissi,,,,,0,0,0,0,0,0,0,0,0,
3857254,Wajdi Kechrida,,,,,0,0,0,0,0,0,0,0,0,
3857254,Ferjani Sassi,,,,,0,0,0,0,0,0,0,0,0,
3857254,Jesper Lindstrøm,,,,,0,0,0,0,0,0,0,0,0,
3857255,Pablo Martín Páez Gavira,,,,,0,0,0,0,0,0,0,0,0,
3857255,Pau Francisco Torres,,,,,0,0,0,0,0,0,0,0,0,
3857255,César Azpilicueta Tanco,,,,,0,0,0,0,1,0,0,0,1,
3857255,Rodrigo Hernández Cascante,,,,,0,0,0,0,0,0,0,0,0,
3857255,Pedro González López,,,,,0,0,0,0,0,0,0,0,0,
3857255,Sergio Busquets i Burgos,,,,,0,0,0,0,0,0,0,0,0,
3857255,Álvaro Borja Morata Martín,,,,,0,0,0,0,0,0,0,0,0,
3857255,Alejandro Balde Martínez,,,,,0,0,0,0,0,0,0,0,0,
3857255,Nicholas Williams Arthuer,,,,,0,0,0,0,0,0,0,0,0,
3857255,Junya Ito,,,,,0,0,0,0,1,0,0,0,1,
3857255,Takefusa Kubo,,,,,0,0,0,0,0,0,0,0,0,
3857255,Daniel Olmo Carvajal,,,,,0,0,0,0,0,0,0,0,0,
3857255,Hidemasa Morita,,,,,0,0,0,0,0,0,0,0,0,
3857255,Daichi Kamada,,,,,0,0,0,0,0,0,0,0,0,
3857255,Ao Tanaka,,,,,0,0,0,0,0,0,0,0,0,
3857255,Unai Simón Mendibil,,,,,0,0,0,0,0,0,0,0,0,
3857255,Ko Itakura,,,,,0,0,0,0,0,0,0,0,0,
3857255,Maya Yoshida,,,,,0,0,0,0,0,0,0,0,0,
3857255,Yuto Nagatomo,,,,,0,0,0,0,0,0,0,0,0,
3857255,Shogo Taniguchi,,,,,0,0,0,0,0,0,0,0,0,
3857255,Shūichi Gonda,,,,,0,0,0,0,0,0,0,0,0,
3857255,Daizen Maeda,,,,,0,0,0,0,0,0,0,0,0,
3857255,Kaoru Mitoma,,,,,0,0,0,0,1,0,0,0,1,
3857255,Ritsu Doan,,,,,0,0,0,0,0,0,0,0,0,
3857255,Daniel Carvajal Ramos,,,,,0,0,0,0,0,0,0,0,0,
3857255,Ferrán Torres García,,,,,0,0,0,0,0,0,0,0,0,
3857255,Takuma Asano,,,,,0,0,0,0,0,0,0,0,0,
3857255,Marco Asensio Willemsen,,,,,0,0,0,0,0,0,0,0,0,
3857255,Takehiro Tomiyasu,,,,,0,0,0,0,0,0,0,0,0,
3857255,Jordi Alba Ramos,,,,,0,0,0,0,0,0,0,0,0,
3857255,Anssumane Fati,,,,,0,0,0,0,0,0,0,0,0,
3857255,Wataru Endo,,,,,0,0,0,0,0,0,0,0,0,
3857256,Breel-Donald Embolo,,,,,0,0,0,0,0,0,0,0,0,
3857256,Remo Freuler,,,,,0,0,0,0,0,0,0,0,0,
3857256,Silvan Widmer,,,,,0,0,0,0,1,0,0,0,1,
3857256,Fabian Lukas Schär,,,,,0,0,0,0,0,0,0,0,0,
3857256,Djibril Sow,,,,,0,0,0,0,1,0,0,0,1,
3857256,Xherdan Shaqiri,,,,,0,0,0,0,0,0,0,0,0,
3857256,Manuel Obafemi Akanji,,,,,0,0,0,0,0,0,0,0,0,
3857256,Andrija Živković,,,,,0,0,0,0,0,0,0,0,0,
3857256,Saša Lukić,,,,,0,0,0,0,0,0,0,0,0,
3857256,Gregor Kobel,,,,,0,0,0,0,0,0,0,0,0,
3857256,Ruben Vargas,,,,,0,0,0,0,1,0,0,0,1,
3857256,Ricardo Iván Rodríguez Araya,,,,,0,0,0,0,0,0,0,0,0,
3857256,Nikola Milenković,,,,,0,0,0,0,0,0,0,0,0,
3857256,Sergej Milinković-Savić,,,,,0,0,0,0,0,0,0,0,0,
3857256,Filip Kostić,,,,,0,0,0,0,0,0,0,0,0,
3857256,Strahinja Pavlović,,,,,0,0,0,0,0,0,0,0,0,
3857256,Milos Veljkovic,,,,,0,0,0,0,0,0,0,0,0,
3857256,Vanja Milinković Savić,,,,,0,0,0,0,0,0,0,0,0,
3857256,Granit Xhaka,,,,,0,0,0,0,0,0,0,0,0,
3857256,Dušan Tadić,,,,,0,0,0,0,1,0,0,0,1,
3857256,Aleksandar Mitrović,,,,,0,0,0,0,0,0,0,0,0,
3857256,Dušan Vlahović,,,,,0,0,0,0,0,0,0,0,0,
3857256,Nemanja Gudelj,,,,,0,0,0,0,0,0,0,0,0,
3857256,Luka Jović,,,,,0,0,0,0,0,0,0,0,0,
3857256,Edimilson Fernandes,,,,,0,0,0,0,0,0,0,0,0,
3857256,Nemanja Maksimović,,,,,0,0,0,0,0,0,0,0,0,
3857256,Denis Lemi Zakaria Lako Lado,,,,,0,0,0,0,0,0,0,0,0,
3857256,Christian Fassnacht,,,,,0,0,0,0,0,0,0,0,0,
3857256,Nemanja Radonjić,,,,,0,0,0,0,0,0,0,0,0,
3857256,Filip Đuričić,,,,,0,0,0,0,0,0,0,0,0,
3857257,Martin Braithwaite Christensen,,,,,0,0,0,0,0,0,0,0,0,
3857257,Christian Dannemann Eriksen,,,,,0,0,0,0,0,0,0,0,0,
3857257,Joakim Mæhle,,,,,0,0,0,0,0,0,0,0,0,
3857257,Andreas Christensen,,,,,0,0,0,0,0,0,0,0,0,
3857257,Joachim Andersen,,,,,0,0,0,0,0,0,0,0,0,
3857257,Pierre-Emile Højbjerg,,,,,0,0,0,0,0,0,0,0,0,
3857257,Rasmus Nissen Kristensen,,,,,0,0,0,0,0,0,0,0,0,
3857257,Mathias Jensen,,,,,0,0,0,0,0,0,0,0,0,
3857257,Miloš Degenek,,,,,0,0,0,0,0,0,0,0,0,
3857257,Mitchell Thomas Duke,,,,,0,0,0,0,0,0,0,0,0,
3857257,Kasper Schmeichel,,,,,0,0,0,0,0,0,0,0,0,
3857257,Mathew Ryan,,,,,0,0,0,0,0,0,0,0,0,
3857257,Kye Rowles,,,,,0,0,0,0,0,0,0,0,0,
3857257,Harry Souttar,,,,,0,0,0,0,0,0,0,0,0,
3857257,Mathew Leckie,,,,,0,0,0,0,0,0,0,0,0,
3857257,Aziz Eraltay Behich,,,,,0,0,0,0,0,0,0,0,0,
3857257,Riley McGree,,,,,0,0,0,0,1,0,0,0,1,
3857257,Craig Goodwin,,,,,0,0,0,0,0,0,0,0,0,
3857257,Andreas Skov Olsen,,,,,0,0,0,0,0,0,0,0,0,
3857257,Aaron Mooy,,,,,0,0,0,0,0,0,0,0,0,
3857257,Jesper Lindstrøm,,,,,0,0,0,0,0,0,0,0,0,
3857257,Jackson Irvine,,,,,0,0,0,0,0,0,0,0,0,
3857257,Keanu Baccus,,,,,0,0,0,0,0,0,0,0,0,
3857257,Alexander Hartmann Bah,,,,,0,0,0,0,0,0,0,0,0,
3857257,Mikkel Damsgaard,,,,,0,0,0,0,0,0,0,0,0,
3857257,Kasper Dolberg,,,,,0,0,0,0,0,0,0,0,0,
3857257,Robert Skov,,,,,0,0,0,0,0,0,0,0,0,
3857257,Andreas Evald Cornelius,,,,,0,0,0,0,0,0,0,0,0,
3857257,Bailey Wright,,,,,0,0,0,0,0,0,0,0,0,
3857257,Jamie MacLaren,,,,,0,0,0,0,0,0,0,0,0,
3857257,Ajdin Hrustic,,,,,0,0,0,0,0,0,0,0,0,
3857258,Richarlison de Andrade,,,,,0,0,0,0,0,0,0,0,0,
3857258,Neymar da Silva Santos Junior,,,,,0,0,0,0,0,0,0,0,0,
3857258,Alex Sandro Lobo Silva,,,,,0,0,0,0,0,0,0,0,0,
3857258,Carlos Henrique Casimiro,,,,,0,0,0,0,0,0,0,0,0,
3857258,Thiago Emiliano da Silva,,,,,0,0,0,0,0,0,0,0,0,
3857258,Saša Lukić,,,,,0,0,0,0,0,0,0,0,0,
3857258,Milos Veljkovic,,,,,0,0,0,0,0,0,0,0,0,
3857258,Nemanja Gudelj,,,,,0,0,0,0,0,0,0,0,0,
3857258,Vanja Milinković Savić,,,,,0,0,0,0,0,0,0,0,0,
3857258,Alisson Ramsés Becker,,,,,0,0,0,0,0,0,0,0,0,
3857258,Marcos Aoás Corrêa,,,,,0,0,0,0,0,0,0,0,0,
3857258,Danilo Luiz da Silva,,,,,0,0,0,0,0,0,0,0,0,
3857258,Lucas Tolentino Coelho de Lima,,,,,0,0,0,0,0,0,0,0,0,
3857258,Vinícius José Paixão de Oliveira Júnior,,,,,0,0,0,0,1,0,0,0,1,
3857258,Raphael Dias Belloli,,,,,0,0,0,0,0,0,0,0,0,
3857258,Filip Mladenović,,,,,0,0,0,0,0,0,0,0,0,
3857258,Sergej Milinković-Savić,,,,,0,0,0,0,0,0,0,0,0,
3857258,Nikola Milenković,,,,,0,0,0,0,0,0,0,0,0,
3857258,Aleksandar Mitrović,,,,,0,0,0,0,0,0,0,0,0,
3857258,Andrija Živković,,,,,0,0,0,0,0,0,0,0,0,
3857258,Dušan Tadić,,,,,0,0,0,0,0,0,0,0,0,
3857258,Strahinja Pavlović,,,,,0,0,0,0,0,0,0,0,0,
3857258,Ivan Ilić,,,,,0,0,0,0,0,0,0,0,0,
3857258,Dušan Vlahović,,,,,0,0,0,0,0,0,0,0,0,
3857258,Nemanja Radonjić,,,,,0,0,0,0,0,0,0,0,0,
3857258,Darko Lazović,,,,,0,0,0,0,0,0,0,0,0,
3857258,Frederico Rodrigues Santos,,,,,0,0,0,0,0,0,0,0,0,
3857258,Rodrygo Silva de Goes,,,,,0,0,0,0,0,0,0,0,0,
3857258,Antony Matheus dos Santos,,,,,0,0,0,0,0,0,0,0,0,
3857258,Gabriel Fernando de Jesus,,,,,0,0,0,0,0,0,0,0,0,
3857258,Nemanja Maksimović,,,,,0,0,0,0,0,0,0,0,0,
3857258,Gabriel Teodoro Martinelli Silva,,,,,0,0,0,0,0,0,0,0,0,
3857259,Aleksandar Mitrović,,,,,0,0,0,0,0,0,0,0,0,
3857259,Saša Lukić,,,,,0,0,0,0,0,0,0,0,0,
3857259,Strahinja Pavlović,,,,,0,0,0,0,0,0,0,0,0,
3857259,Milos Veljkovic,,,,,0,0,0,0,0,0,0,0,0,
3857259,Nikola Milenković,,,,,0,0,0,0,0,0,0,0,0,
3857259,Andrija Živković,,,,,0,0,0,0,2,0,0,0,2,
3857259,Ngoran Suiru Fai Collins,,,,,0,0,0,0,0,0,0,0,0,
3857259,Martin Hongla Yma II,,,,,0,0,0,0,0,0,0,0,0,
3857259,Devis Rogers Epassy Mboka,,,,,0,0,0,0,0,0,0,0,0,
3857259,Jean-Charles Castelletto,,,,,0,0,0,0,1,0,0,0,1,
3857259,Jean-Eric Maxim Choupo-Moting,,,,,0,0,0,0,0,0,0,0,0,
3857259,Pierre Kunde Malong,,,,,0,0,0,0,0,0,0,0,0,
3857259,André-Frank Zambo Anguissa,,,,,0,0,0,0,0,0,0,0,0,
3857259,Nicolas Alexis Julio N'Koulou Ndoubena,,,,,0,0,0,0,0,0,0,0,0,
3857259,Nouhou Tolo,,,,,0,0,0,0,0,0,0,0,0,
3857259,Vanja Milinković Savić,,,,,0,0,0,0,0,0,0,0,0,
3857259,Sergej Milinković-Savić,,,,,0,0,0,0,0,0,0,0,0,
3857259,Nemanja Maksimović,,,,,0,0,0,0,0,0,0,0,0,
3857259,Karl Brillant Toko Ekambi,,,,,0,0,0,0,0,0,0,0,0,
3857259,Filip Kostić,,,,,0,0,0,0,0,0,0,0,0,
3857259,Dušan Tadić,,,,,0,0,0,0,1,0,0,0,1,
3857259,Bryan Mbeumo,,,,,0,0,0,0,0,0,0,0,0,
3857259,Stefan Mitrović,,,,,0,0,0,0,0,0,0,0,0,
3857259,Vincent Paté Aboubakar,,,,,0,0,0,0,1,0,0,0,1,
3857259,Christian Mougang Bassogog,,,,,0,0,0,0,0,0,0,0,0,
3857259,Gaël Ondoua,,,,,0,0,0,0,0,0,0,0,0,
3857259,Marko Grujić,,,,,0,0,0,0,0,0,0,0,0,
3857259,Srđan Babić,,,,,0,0,0,0,0,0,0,0,0,
3857259,Georges-Kévin Nkoudou Mbida,,,,,0,0,0,0,0,0,0,0,0,
3857259,Samuel Yves Oum Gwet,,,,,0,0,0,0,0,0,0,0,0,
3857259,Nemanja Radonjić,,,,,0,0,0,0,0,0,0,0,0,
3857259,Filip Đuričić,,,,,0,0,0,0,0,0,0,0,0,
3857260,Henry Josué Martín Mex,,,,,0,0,0,0,0,0,0,0,0,
3857260,Luis Gerardo Chávez Magallón,,,,,0,0,0,0,0,0,0,0,0,
3857260,Jorge Eduardo Sánchez Ramos,,,,,0,0,0,0,0,0,0,0,0,
3857260,César Jasib Montes Castro,,,,,0,0,0,0,1,0,0,0,1,
3857260,Francisco Guillermo Ochoa Magaña,,,,,0,0,0,0,0,0,0,0,0,
3857260,Héctor Alfredo Moreno Herrera,,,,,0,0,0,0,0,0,0,0,0,
3857260,Edson Omar Álvarez Velázquez,,,,,0,0,0,0,0,0,0,0,0,
3857260,Ali Albulayhi,,,,,0,0,0,0,0,0,0,0,0,
3857260,Orbelín Pineda Alvarado,,,,,0,0,0,0,0,0,0,0,0,
3857260,Mohammed Khalil Al Owais,,,,,0,0,0,0,0,0,0,0,0,
3857260,Abdulelah Al Amri,,,,,0,0,0,0,0,0,0,0,0,
3857260,Saleh Khalid Al Shehri,,,,,0,0,0,0,0,0,0,0,0,
3857260,Sultan Abdullah Salim Al Ghannam,,,,,0,0,0,0,0,0,0,0,0,
3857260,Mohammed Kanoo,,,,,0,0,0,0,0,0,0,0,0,
3857260,Saud Abdullah Abdul Hamid,,,,,0,0,0,0,0,0,0,0,0,
3857260,Salem Mohammed Al Dawsari,,,,,0,0,0,0,0,0,0,0,0,
3857260,Ali Al Hassan,,,,,0,0,0,0,0,0,0,0,0,
3857260,Jesús Daniel Gallardo Vasconcelos,,,,,0,0,0,0,0,0,0,0,0,
3857260,Hirving Rodrigo Lozano Bahena,,,,,0,0,0,0,0,0,0,0,0,
3857260,Firas Tariq Nasser Al Albirakan,,,,,0,0,0,0,0,0,0,0,0,
3857260,Hassan Mohammed Al-Tambakti,,,,,0,0,0,0,0,0,0,0,0,
3857260,Ernesto Alexis Vega Rojas,,,,,0,0,0,0,0,0,0,0,0,
3857260,Riyadh Sharahili,,,,,0,0,0,0,0,0,0,0,0,
3857260,Abdullah Mohammed Madu,,,,,0,0,0,0,0,0,0,0,0,
3857260,Carlos Uriel Antuna Romero,,,,,0,0,0,0,0,0,0,0,0,
3857260,Abdulrahman Al-Obood,,,,,0,0,0,0,0,0,0,0,0,
3857260,Raúl Alonso Jiménez Rodríguez,,,,,0,0,0,0,0,0,0,0,0,
3857260,Carlos Alberto Rodríguez Gómez,,,,,0,0,0,0,0,0,0,0,0,
3857260,Kevin Nahin Álvarez Campos,,,,,0,0,0,0,0,0,0,0,0,
3857260,Hattan Babhir,,,,,0,0,0,0,1,0,0,0,1,
3857260,Rogelio Gabriel Funes Mori,,,,,0,0,0,0,0,0,0,0,0,
3857261,Aaron Ramsey,,,,,0,0,0,0,0,0,0,0,0,
3857261,Ben Davies,,,,,0,0,0,0,0,0,0,0,0,
3857261,Declan Rice,,,,,0,0,0,0,0,0,0,0,0,
3857261,John Stones,,,,,0,0,0,0,0,0,0,0,0,
3857261,Joe Rodon,,,,,0,0,0,0,0,0,0,0,0,
3857261,Ethan Ampadu,,,,,0,0,0,0,0,0,0,0,0,
3857261,Jordan Brian Henderson,,,,,0,0,0,0,0,0,0,0,0,
3857261,Jude Bellingham,,,,,0,0,0,0,0,0,0,0,0,
3857261,Harry Kane,,,,,0,0,0,0,1,0,0,0,1,
3857261,Philip Foden,,,,,0,0,0,0,0,0,0,0,0,
3857261,Chris Mepham,,,,,0,0,0,0,0,0,0,0,0,
3857261,Danny Ward,,,,,0,0,0,0,0,0,0,0,0,
3857261,Kyle Walker,,,,,0,0,0,0,0,0,0,0,0,
3857261,Harry Maguire,,,,,0,0,0,0,0,0,0,0,0,
3857261,Marcus Rashford,,,,,0,0,0,0,0,0,0,0,0,
3857261,Jordan Pickford,,,,,0,0,0,0,0,0,0,0,0,
3857261,Luke Shaw,,,,,0,0,0,0,0,0,0,0,0,
3857261,Neco Williams,,,,,0,0,0,0,0,0,0,0,0,
3857261,Gareth Frank Bale,,,,,0,0,0,0,0,0,0,0,0,
3857261,Joe Allen,,,,,0,0,0,0,0,0,0,0,0,
3857261,Kieffer Roberto Francisco Moore,,,,,0,0,0,0,0,0,0,0,0,
3857261,Daniel James,,,,,0,0,0,0,0,0,0,0,0,
3857261,Connor Roberts,,,,,0,0,0,0,0,0,0,0,0,
3857261,Brennan Johnson,,,,,0,0,0,0,0,0,0,0,0,
3857261,Joseff Morrell,,,,,0,0,0,0,0,0,0,0,0,
3857261,Trent Alexander-Arnold,,,,,0,0,0,0,0,0,0,0,0,
3857261,Callum Wilson,,,,,0,0,0,0,0,0,0,0,0,
3857261,Kieran Trippier,,,,,0,0,0,0,0,0,0,0,0,
3857261,Kalvin Phillips,,,,,0,0,0,0,1,0,0,0,1,
3857261,Jack Grealish,,,,,0,0,0,0,0,0,0,0,0,
3857261,Harry Wilson,,,,,0,0,0,0,0,0,0,0,0,
3857261,Rubin Colwill,,,,,0,0,0,0,0,0,0,0,0,
3857262,Gue-Sung Cho,,,,,0,0,0,0,0,0,0,0,0,
3857262,Woo-Young Jung,,,,,0,0,0,0,0,0,0,0,0,
3857262,Young-Gwon Kim,,,,,0,0,0,0,0,0,0,0,0,
3857262,Jin-Su Kim,,,,,0,0,0,0,0,0,0,0,0,
3857262,Heung-Min Son,,,,,0,0,0,0,1,0,0,0,1,
3857262,Kang-In Lee,,,,,0,0,0,0,0,0,0,0,0,
3857262,In-Beom Hwang,,,,,0,0,0,0,0,0,0,0,0,
3857262,Kyung-Won Kwon,,,,,0,0,0,0,0,0,0,0,0,
3857262,Moon-Hwan Kim,,,,,0,0,0,0,0,0,0,0,0,
3857262,Seung-Gyu Kim,,,,,0,0,0,0,0,0,0,0,0,
3857262,Jae-Sung Lee,,,,,0,0,0,0,0,0,0,0,0,
3857262,João Pedro Cavaco Cancelo,,,,,0,0,0,0,0,0,0,0,0,
3857262,Rúben Diogo Da Silva Neves,,,,,0,0,0,0,0,0,0,0,0,
3857262,José Diogo Dalot Teixeira,,,,,0,0,0,0,1,0,0,0,1,
3857262,António João Pereira Albuquerque Tavares Silva,,,,,0,0,0,0,0,0,0,0,0,
3857262,Vitor Machado Ferreira,,,,,0,0,0,0,0,0,0,0,0,
3857262,Kléper Laveran Lima Ferreira,,,,,0,0,0,0,0,0,0,0,0,
3857262,João Mário Naval da Costa Eduardo,,,,,0,0,0,0,0,0,0,0,0,
3857262,Cristiano Ronaldo dos Santos Aveiro,,,,,0,0,0,0,0,0,0,0,0,
3857262,Matheus Luiz Nunes,,,,,0,0,0,0,0,0,0,0,0,
3857262,Diogo Meireles Costa,,,,,0,0,0,0,0,0,0,0,0,
3857262,Ricardo Jorge Luz Horta,,,,,0,0,0,0,0,0,0,0,0,
3857262,Hee-Chan Hwang,,,,,0,0,0,0,0,0,0,0,0,
3857262,Rafael Alexandre Conceição Leão,,,,,0,0,0,0,0,0,0,0,0,
3857262,João Maria Lobo Alves Palhinha Gonçalves,,,,,0,0,0,0,0,0,0,0,0,
3857262,André Miguel Valente Silva,,,,,0,0,0,0,0,0,0,0,0,
3857262,Jun-Ho Son,,,,,0,0,0,0,0,0,0,0,0,
3857262,William Silva de Carvalho,,,,,0,0,0,0,0,0,0,0,0,
3857262,Bernardo Mota Veiga de Carvalho e Silva,,,,,0,0,0,0,0,0,0,0,0,
3857262,Ui-Jo Hwang,,,,,0,0,0,0,0,0,0,0,0,
3857263,Pablo Martín Páez Gavira,,,,,0,0,0,0,0,0,0,0,0,
3857263,Aymeric Laporte,,,,,0,0,0,0,0,0,0,0,0,
3857263,Rodrigo Hernández Cascante,,,,,0,0,0,0,0,0,0,0,0,
3857263,Ferrán Torres García,,,,,0,0,0,0,0,0,0,0,0,
3857263,Niklas Süle,,,,,0,0,0,0,0,0,0,0,0,
3857263,Jordi Alba Ramos,,,,,0,0,0,0,1,0,0,0,1,
3857263,Leon Goretzka,,,,,0,0,0,0,0,0,0,0,0,
3857263,Daniel Carvajal Ramos,,,,,0,0,0,0,0,0,0,0,0,
3857263,Pedro González López,,,,,0,0,0,0,0,0,0,0,0,
3857263,Thilo Kehrer,,,,,0,0,0,0,0,0,0,0,0,
3857263,Manuel Neuer,,,,,0,0,0,0,0,0,0,0,0,
3857263,Antonio Rüdiger,,,,,0,0,0,0,0,0,0,0,0,
3857263,David Raum,,,,,0,0,0,0,0,0,0,0,0,
3857263,Jamal Musiala,,,,,0,0,0,0,0,0,0,0,0,
3857263,Unai Simón Mendibil,,,,,0,0,0,0,0,0,0,0,0,
3857263,Serge Gnabry,,,,,0,0,0,0,0,0,0,0,0,
3857263,Sergio Busquets i Burgos,,,,,0,0,0,0,0,0,0,0,0,
3857263,Daniel Olmo Carvajal,,,,,0,0,0,0,0,0,0,0,0,
3857263,Joshua Kimmich,,,,,0,0,0,0,0,0,0,0,0,
3857263,İlkay Gündoğan,,,,,0,0,0,0,0,0,0,0,0,
3857263,Marco Asensio Willemsen,,,,,0,0,0,0,0,0,0,0,0,
3857263,Thomas Müller,,,,,0,0,0,0,0,0,0,0,0,
3857263,Álvaro Borja Morata Martín,,,,,0,0,0,0,0,0,0,0,0,
3857263,Jorge Resurrección Merodio,,,,,0,0,0,0,0,0,0,0,0,
3857263,Nicholas Williams Arthuer,,,,,0,0,0,0,0,0,0,0,0,
3857263,Lukas Klostermann,,,,,0,0,0,0,0,0,0,0,0,
3857263,Niclas Füllkrug,,,,,0,0,0,0,0,0,0,0,0,
3857263,Leroy Sané,,,,,0,0,0,0,0,0,0,0,0,
3857263,Alejandro Balde Martínez,,,,,0,0,0,0,0,0,0,0,0,
3857263,Nico Schlotterbeck,,,,,0,0,0,0,0,0,0,0,0,
3857263,Jonas Hofmann,,,,,0,0,0,0,0,0,0,0,0,
3857264,Karol Świderski,,,,,0,0,0,0,0,0,0,0,0,
3857264,Jakub Piotr Kiwior,,,,,0,0,0,0,0,0,0,0,0,
3857264,Marcos Javier Acuña,,,,,0,0,0,0,0,0,0,0,0,
3857264,Julián Álvarez,,,,,0,0,0,0,0,0,0,0,0,
3857264,Grzegorz Krychowiak,,,,,0,0,0,0,0,0,0,0,0,
3857264,Kamil Glik,,,,,0,0,0,0,0,0,0,0,0,
3857264,Wojciech Szczęsny,,,,,0,0,0,0,0,0,0,0,0,
3857264,Bartosz Bereszyński,,,,,0,0,0,0,0,0,0,0,0,
3857264,Nahuel Molina Lucero,,,,,0,0,0,0,1,0,0,0,1,
3857264,Rodrigo Javier De Paul,,,,,0,0,0,0,0,0,0,0,0,
3857264,Cristian Gabriel Romero,,,,,0,0,0,0,0,0,0,0,0,
3857264,Nicolás Hernán Otamendi,,,,,0,0,0,0,0,0,0,0,0,
3857264,Enzo Fernandez,,,,,0,0,0,0,1,0,0,0,1,
3857264,Alexis Mac Allister,,,,,0,0,0,0,0,0,0,0,0,
3857264,Lionel Andrés Messi Cuccittini,,,,,0,0,0,0,0,0,0,0,0,
3857264,Matty Cash,,,,,0,0,0,0,0,0,0,0,0,
3857264,Damián Emiliano Martínez,,,,,0,0,0,0,0,0,0,0,0,
3857264,Piotr Zieliński,,,,,0,0,0,0,0,0,0,0,0,
3857264,Robert Lewandowski,,,,,0,0,0,0,0,0,0,0,0,
3857264,Przemysław Frankowski,,,,,0,0,0,0,0,0,0,0,0,
3857264,Ángel Fabián Di María Hernández,,,,,0,0,0,0,0,0,0,0,0,
3857264,Krystian Bielik,,,,,0,0,0,0,0,0,0,0,0,
3857264,Michał Skóraś,,,,,0,0,0,0,0,0,0,0,0,
3857264,Jakub Kamiński,,,,,0,0,0,0,0,0,0,0,0,
3857264,Nicolás Alejandro Tagliafico,,,,,0,0,0,0,0,0,0,0,0,
3857264,Leandro Daniel Paredes,,,,,0,0,0,0,0,0,0,0,0,
3857264,Damian Szymański,,,,,0,0,0,0,0,0,0,0,0,
3857264,Artur Jędrzejczyk,,,,,0,0,0,0,0,0,0,0,0,
3857264,Germán Alejandro Pezzella,,,,,0,0,0,0,0,0,0,0,0,
3857264,Lautaro Javier Martínez,,,,,0,0,0,0,0,0,0,0,0,
3857264,Krzysztof Piątek,,,,,0,0,0,0,0,0,0,0,0,
3857264,Thiago Ezequiel Almada,,,,,0,0,0,0,0,0,0,0,0,
3857265,Henry Josué Martín Mex,,,,,0,0,0,0,0,0,0,0,0,
3857265,Héctor Miguel Herrera López,,,,,0,0,0,0,0,0,0,0,0,
3857265,Luis Gerardo Chávez Magallón,,,,,0,0,0,0,0,0,0,0,0,
3857265,Jesús Daniel Gallardo Vasconcelos,,,,,0,0,0,0,0,0,0,0,0,
3857265,Héctor Alfredo Moreno Herrera,,,,,0,0,0,0,0,0,0,0,0,
3857265,Grzegorz Krychowiak,,,,,0,0,0,0,0,0,0,0,0,
3857265,Robert Lewandowski,,,,,0,0,0,0,0,0,0,0,0,
3857265,Francisco Guillermo Ochoa Magaña,,,,,0,0,0,0,0,0,0,0,0,
3857265,Matty Cash,,,,,0,0,0,0,0,0,0,0,0,
3857265,Piotr Zieliński,,,,,0,0,0,0,0,0,0,0,0,
3857265,Sebastian Szymański,,,,,0,0,0,0,0,0,0,0,0,
3857265,Ernesto Alexis Vega Rojas,,,,,0,0,0,0,0,0,0,0,0,
3857265,Edson Omar Álvarez Velázquez,,,,,0,0,0,0,0,0,0,0,0,
3857265,César Jasib Montes Castro,,,,,0,0,0,0,0,0,0,0,0,
3857265,Jorge Eduardo Sánchez Ramos,,,,,0,0,0,0,0,0,0,0,0,
3857265,Bartosz Bereszyński,,,,,0,0,0,0,0,0,0,0,0,
3857265,Wojciech Szczęsny,,,,,0,0,0,0,0,0,0,0,0,
3857265,Jakub Piotr Kiwior,,,,,0,0,0,0,0,0,0,0,0,
3857265,Kamil Glik,,,,,0,0,0,0,0,0,0,0,0,
3857265,Hirving Rodrigo Lozano Bahena,,,,,0,0,0,0,0,0,0,0,0,
3857265,Jakub Kamiński,,,,,0,0,0,0,0,0,0,0,0,
3857265,Nicola Zalewski,,,,,0,0,0,0,0,0,0,0,0,
3857265,Krystian Bielik,,,,,0,0,0,0,0,0,0,0,0,
3857265,Carlos Alberto Rodríguez Gómez,,,,,0,0,0,0,0,0,0,0,0,
3857265,Przemysław Frankowski,,,,,0,0,0,0,0,0,0,0,0,
3857265,Raúl Alonso Jiménez Rodríguez,,,,,0,0,0,0,0,0,0,0,0,
3857265,Carlos Uriel Antuna Romero,,,,,0,0,0,0,0,0,0,0,0,
3857265,Arkadiusz Milik,,,,,0,0,0,0,0,0,0,0,0,
3857266,Andreas Evald Cornelius,,,,,0,0,0,0,0,0,0,0,0,
3857266,Christian Dannemann Eriksen,,,,,0,0,0,0,0,0,0,0,0,
3857266,Rasmus Nissen Kristensen,,,,,0,0,0,0,0,0,0,0,0,
3857266,Jesper Lindstrøm,,,,,0,0,0,0,0,0,0,0,0,
3857266,Pierre-Emile Højbjerg,,,,,0,0,0,0,0,0,0,0,0,
3857266,Joakim Mæhle,,,,,0,0,0,0,0,0,0,0,0,
3857266,Victor Nelsson,,,,,0,0,0,0,0,0,0,0,0,
3857266,Andreas Christensen,,,,,0,0,0,0,0,0,0,0,0,
3857266,Kasper Schmeichel,,,,,0,0,0,0,0,0,0,0,0,
3857266,Joachim Andersen,,,,,0,0,0,0,0,0,0,0,0,
3857266,Ousmane Dembélé,,,,,0,0,0,0,0,0,0,0,0,
3857266,Jules Koundé,,,,,0,0,0,0,0,0,0,0,0,
3857266,Adrien Rabiot,,,,,0,0,0,0,0,0,0,0,0,
3857266,Mikkel Damsgaard,,,,,0,0,0,0,0,0,0,0,0,
3857266,Hugo Lloris,,,,,0,0,0,0,0,0,0,0,0,
3857266,Dayotchanculle Upamecano,,,,,0,0,0,0,0,0,0,0,0,
3857266,Theo Bernard François Hernández,,,,,0,0,0,0,1,0,0,0,1,
3857266,Aurélien Djani Tchouaméni,,,,,0,0,0,0,0,0,0,0,0,
3857266,Kylian Mbappé Lottin,,,,,0,0,0,0,0,0,0,0,0,
3857266,Raphaël Varane,,,,,0,0,0,0,0,0,0,0,0,
3857266,Antoine Griezmann,,,,,0,0,0,0,1,0,0,0,1,
3857266,Olivier Giroud,,,,,0,0,0,0,0,0,0,0,0,
3857266,Martin Braithwaite Christensen,,,,,0,0,0,0,0,0,0,0,0,
3857266,Marcus Thuram,,,,,0,0,0,0,0,0,0,0,0,
3857266,Ibrahima Konaté,,,,,0,0,0,0,0,0,0,0,0,
3857266,Kingsley Coman,,,,,0,0,0,0,0,0,0,0,0,
3857266,Kasper Dolberg,,,,,0,0,0,0,0,0,0,0,0,
3857266,Christian Nørgaard,,,,,0,0,0,0,0,0,0,0,0,
3857266,Alexander Hartmann Bah,,,,,0,0,0,0,0,0,0,0,0,
3857266,Youssouf Fofana,,,,,0,0,0,0,0,0,0,0,0,
3857267,Gonzalo Jordy Plata Jiménez,,,,,0,0,0,0,0,0,0,0,0,
3857267,Piero Martín Hincapié Reyna,,,,,0,0,0,0,0,0,0,0,0,
3857267,Ismail Jakobs,,,,,0,0,0,0,0,0,0,0,0,
3857267,Angelo Smit Preciado Quiñónez,,,,,0,0,0,0,0,0,0,0,0,
3857267,Felix Eduardo Torres Caicedo,,,,,0,0,0,0,0,0,0,0,0,
3857267,Pervis Josué Estupiñán Tenorio,,,,,0,0,0,0,0,0,0,0,0,
3857267,Hernán Ismael Galíndez,,,,,0,0,0,0,0,0,0,0,0,
3857267,Kalidou Koulibaly,,,,,0,0,0,0,0,0,0,0,0,
3857267,Idrissa Gana Gueye,,,,,0,0,0,0,0,0,0,0,0,
3857267,Alan Steven Franco Palma,,,,,0,0,0,0,0,0,0,0,0,
3857267,Pape Gueye,,,,,0,0,0,0,0,0,0,0,0,
3857267,Abdou Diallo,,,,,0,0,0,0,0,0,0,0,0,
3857267,Youssouf Sabaly,,,,,0,0,0,0,0,0,0,0,0,
3857267,Iliman Ndiaye,,,,,0,0,0,0,0,0,0,0,0,
3857267,Carlos Armando Gruezo Arboleda,,,,,0,0,0,0,0,0,0,0,0,
3857267,Enner Remberto Valencia Lastra,,,,,0,0,0,0,0,0,0,0,0,
3857267,Edouard Mendy,,,,,0,0,0,0,0,0,0,0,0,
3857267,Ismaïla Sarr,,,,,0,0,0,0,0,0,0,0,0,
3857267,Pathé Ismaël Ciss,,,,,0,0,0,0,0,0,0,0,0,
3857267,Moisés Isaac Caicedo Corozo,,,,,0,0,0,0,0,0,0,0,0,
3857267,Michael Steveen Estrada Martínez,,,,,0,0,0,0,0,0,0,0,0,
3857267,Boulaye Dia,,,,,0,0,0,0,0,0,0,0,0,
3857267,Jeremy Leonel Sarmiento Morante,,,,,0,0,0,0,0,0,0,0,0,
3857267,José Adoni Cifuentes Charcopa,,,,,0,0,0,0,0,0,0,0,0,
3857267,Djorkaeff Neicer Reasco González,,,,,0,0,0,0,0,0,0,0,0,
3857267,Cheikh Ahmadou Bamba Mbacke Dieng,,,,,0,0,0,0,0,0,0,0,0,
3857267,Nampalys Mendy,,,,,0,0,0,0,0,0,0,0,0,
3857267,Jackson Gabriel Porozo Vernaza,,,,,0,0,0,0,0,0,0,0,0,
3857268,Jonathan David,,,,,0,0,0,0,0,0,0,0,0,
3857268,Stephen Antunes Eustáquio,,,,,0,0,0,0,0,0,0,0,0,
3857268,Richie Laryea,,,,,0,0,0,0,0,0,0,0,0,
3857268,Alistair Johnston,,,,,0,0,0,0,0,0,0,0,0,
3857268,Milan Borjan,,,,,0,0,0,0,0,0,0,0,0,
3857268,Kamal Miller,,,,,0,0,0,0,0,0,0,0,0,
3857268,Atiba Hutchinson,,,,,0,0,0,0,0,0,0,0,0,
3857268,Steven de Sousa Vitoria,,,,,0,0,0,0,0,0,0,0,0,
3857268,Alphonso Davies,,,,,0,0,0,0,0,0,0,0,0,
3857268,David Junior Hoilett,,,,,0,0,0,0,0,0,0,0,0,
3857268,Kevin De Bruyne,,,,,0,0,0,0,0,0,0,0,0,
3857268,Youri Tielemans,,,,,0,0,0,0,0,0,0,0,0,
3857268,Toby Alderweireld,,,,,0,0,0,0,1,0,0,0,1,
3857268,Axel Witsel,,,,,0,0,0,0,0,0,0,0,0,
3857268,Eden Hazard,,,,,0,0,0,0,0,0,0,0,0,
3857268,Leander Dendoncker,,,,,0,0,0,0,0,0,0,0,0,
3857268,Timothy Castagne,,,,,0,0,0,0,0,0,0,0,0,
3857268,Jan Vertonghen,,,,,0,0,0,0,0,0,0,0,0,
3857268,Thibaut Courtois,,,,,0,0,0,0,0,0,0,0,0,
3857268,Tajon Buchanan,,,,,0,0,0,0,0,0,0,0,0,
3857268,Yannick Ferreira Carrasco,,,,,0,0,0,0,0,0,0,0,0,
3857268,Michy Batshuayi Tunga,,,,,0,0,0,0,0,0,0,0,0,
3857268,Amadou Onana,,,,,0,0,0,0,0,0,0,0,0,
3857268,Thomas Meunier,,,,,0,0,0,0,0,0,0,0,0,
3857268,Ismael Koné,,,,,0,0,0,0,0,0,0,0,0,
3857268,Leandro Trossard,,,,,0,0,0,0,0,0,0,0,0,
3857268,Cyle Larin,,,,,0,0,0,0,0,0,0,0,0,
3857268,Sam Adekugbe,,,,,0,0,0,0,0,0,0,0,0,
3857268,Ikoma Loïs Openda,,,,,0,0,0,0,0,0,0,0,0,
3857268,Jonathan Osorio,,,,,0,0,0,0,0,0,0,0,0,
3857268,Liam Millar,,,,,0,0,0,0,0,0,0,0,0,
3857269,Djibril Sow,,,,,0,0,0,0,0,0,0,0,0,
3857269,Manuel Obafemi Akanji,,,,,0,0,0,0,0,0,0,0,0,
3857269,Nico Elvedi,,,,,0,0,0,0,0,0,0,0,0,
3857269,Ricardo Iván Rodríguez Araya,,,,,0,0,0,0,0,0,0,0,0,
3857269,Ruben Vargas,,,,,0,0,0,0,0,0,0,0,0,
3857269,Marcos Aoás Corrêa,,,,,0,0,0,0,0,0,0,0,0,
3857269,Carlos Henrique Casimiro,,,,,0,0,0,0,0,0,0,0,0,
3857269,Lucas Tolentino Coelho de Lima,,,,,0,0,0,0,0,0,0,0,0,
3857269,Alex Sandro Lobo Silva,,,,,0,0,0,0,0,0,0,0,0,
3857269,Thiago Emiliano da Silva,,,,,0,0,0,0,0,0,0,0,0,
3857269,Éder Gabriel Militão,,,,,0,0,0,0,0,0,0,0,0,
3857269,Alisson Ramsés Becker,,,,,0,0,0,0,0,0,0,0,0,
3857269,Breel-Donald Embolo,,,,,0,0,0,0,0,0,0,0,0,
3857269,Raphael Dias Belloli,,,,,0,0,0,0,0,0,0,0,0,
3857269,Richarlison de Andrade,,,,,0,0,0,0,0,0,0,0,0,
3857269,Yann Sommer,,,,,0,0,0,0,0,0,0,0,0,
3857269,Remo Freuler,,,,,0,0,0,0,0,0,0,0,0,
3857269,Silvan Widmer,,,,,0,0,0,0,0,0,0,0,0,
3857269,Granit Xhaka,,,,,0,0,0,0,0,0,0,0,0,
3857269,Frederico Rodrigues Santos,,,,,0,0,0,0,0,0,0,0,0,
3857269,Vinícius José Paixão de Oliveira Júnior,,,,,0,0,0,0,0,0,0,0,0,
3857269,Fabian Rieder,,,,,0,0,0,0,0,0,0,0,0,
3857269,Rodrygo Silva de Goes,,,,,0,0,0,0,1,0,0,0,1,
3857269,Edimilson Fernandes,,,,,0,0,0,0,0,0,0,0,0,
3857269,Renato Steffen,,,,,0,0,0,0,0,0,0,0,0,
3857269,Bruno Guimarães Rodriguez Moura,,,,,0,0,0,0,0,0,0,0,0,
3857269,Antony Matheus dos Santos,,,,,0,0,0,0,0,0,0,0,0,
3857269,Michel Aebischer,,,,,0,0,0,0,0,0,0,0,0,
3857269,Gabriel Fernando de Jesus,,,,,0,0,0,0,0,0,0,0,0,
3857269,Haris Seferović,,,,,0,0,0,0,0,0,0,0,0,
3857269,Alex Nicolao Telles,,,,,0,0,0,0,0,0,0,0,0,
3857269,Fabian Frei,,,,,0,0,0,0,0,0,0,0,0,
3857270,Darwin Gabriel Núñez Ribeiro,,,,,0,0,0,0,0,0,0,0,0,
3857270,Matías Vecino Falero,,,,,0,0,0,0,0,0,0,0,0,
3857270,José María Giménez de Vargas,,,,,0,0,0,0,0,0,0,0,0,
3857270,Bruno Miguel Borges Fernandes,,,,,0,0,0,0,0,0,0,0,0,
3857270,João Félix Sequeira,,,,,0,0,0,0,0,0,0,0,0,
3857270,Cristiano Ronaldo dos Santos Aveiro,,,,,0,0,0,0,0,0,0,0,0,
3857270,William Silva de Carvalho,,,,,0,0,0,0,0,0,0,0,0,
3857270,Nuno Mendes,,,,,0,0,0,0,0,0,0,0,0,
3857270,Rúben Santos Gato Alves Dias,,,,,0,0,0,0,0,0,0,0,0,
3857270,Diogo Meireles Costa,,,,,0,0,0,0,0,0,0,0,0,
3857270,Kléper Laveran Lima Ferreira,,,,,0,0,0,0,0,0,0,0,0,
3857270,Bernardo Mota Veiga de Carvalho e Silva,,,,,0,0,0,0,0,0,0,0,0,
3857270,Diego Roberto Godín Leal,,,,,0,0,0,0,0,0,0,0,0,
3857270,Sergio Rochet Álvarez,,,,,0,0,0,0,0,0,0,0,0,
3857270,João Pedro Cavaco Cancelo,,,,,0,0,0,0,0,0,0,0,0,
3857270,Rúben Diogo Da Silva Neves,,,,,0,0,0,0,0,0,0,0,0,
3857270,Mathías Olivera Miramontes,,,,,0,0,0,0,0,0,0,0,0,
3857270,Edinson Roberto Cavani Gómez,,,,,0,0,0,0,0,0,0,0,0,
3857270,Sebastián Coates Nión,,,,,0,0,0,0,0,0,0,0,0,
3857270,Federico Santiago Valverde Dipetta,,,,,0,0,0,0,0,0,0,0,0,
3857270,Rodrigo Bentancur Colmán,,,,,0,0,0,0,0,0,0,0,0,
3857270,Guillermo Varela Olivera,,,,,0,0,0,0,0,0,0,0,0,
3857270,Raphaël Adelino José Guerreiro,,,,,0,0,0,0,1,0,0,0,1,
3857270,Giorgian Daniel De Arrascaeta Benedetti,,,,,0,0,0,0,0,0,0,0,0,
3857270,Facundo Pellistri Rebollo,,,,,0,0,0,0,0,0,0,0,0,
3857270,Rafael Alexandre Conceição Leão,,,,,0,0,0,0,0,0,0,0,0,
3857270,Luis Alberto Suárez Díaz,,,,,0,0,0,0,0,0,0,0,0,
3857270,Maximiliano Gómez González,,,,,0,0,0,0,0,0,0,0,0,
3857270,Gonçalo Matias Ramos,,,,,0,0,0,0,0,0,0,0,0,
3857270,João Maria Lobo Alves Palhinha Gonçalves,,,,,0,0,0,0,0,0,0,0,0,
3857270,Matheus Luiz Nunes,,,,,0,0,0,0,0,0,0,0,0,
3857270,Matías Nicolás Viña Susperreguy,,,,,0,0,0,0,0,0,0,0,0,
3857271,Alireza Jahanbakhsh,,,,,0,0,0,0,0,0,0,0,0,
3857271,Morteza Pouraliganji,,,,,0,0,0,0,0,0,0,0,0,
3857271,Mehdi Taremi,,,,,0,0,0,0,0,0,0,0,0,
3857271,Kieran Trippier,,,,,0,0,0,0,0,0,0,0,0,
3857271,John Stones,,,,,0,0,0,0,0,0,0,0,0,
3857271,Luke Shaw,,,,,0,0,0,0,1,0,0,0,1,
3857271,Harry Maguire,,,,,0,0,0,0,1,0,0,0,1,
3857271,Jude Bellingham,,,,,0,0,0,0,0,0,0,0,0,
3857271,Declan Rice,,,,,0,0,0,0,0,0,0,0,0,
3857271,Mason Mount,,,,,0,0,0,0,0,0,0,0,0,
3857271,Bukayo Saka,,,,,0,0,0,0,0,0,0,0,0,
3857271,Alireza Safar Beiranvand,,,,,0,0,0,0,0,0,0,0,0,
3857271,Roozbeh Cheshmi,,,,,0,0,0,0,0,0,0,0,0,
3857271,Raheem Sterling,,,,,0,0,0,0,0,0,0,0,0,
3857271,Seyed Majid Hosseini,,,,,0,0,0,0,0,0,0,0,0,
3857271,Harry Kane,,,,,0,0,0,0,2,0,0,0,2,
3857271,Jordan Pickford,,,,,0,0,0,0,0,0,0,0,0,
3857271,Ehsan Hajsafi,,,,,0,0,0,0,0,0,0,0,0,
3857271,Ali Karimi,,,,,0,0,0,0,0,0,0,0,0,
3857271,Milad Mohammadi,,,,,0,0,0,0,0,0,0,0,0,
3857271,Ahmad Nourollahi,,,,,0,0,0,0,0,0,0,0,0,
3857271,Sadegh Moharrami,,,,,0,0,0,0,0,0,0,0,0,
3857271,Seyed Hossein Hosseini,,,,,0,0,0,0,0,0,0,0,0,
3857271,Saeid Ezatolahi Afagh,,,,,0,0,0,0,0,0,0,0,0,
3857271,Mohammad Hossein Kanani Zadegan,,,,,0,0,0,0,0,0,0,0,0,
3857271,Ali Gholizadeh,,,,,0,0,0,0,1,0,0,0,1,
3857271,Mehdi Torabi,,,,,0,0,0,0,0,0,0,0,0,
3857271,Eric Dier,,,,,0,0,0,0,0,0,0,0,0,
3857271,Philip Foden,,,,,0,0,0,0,0,0,0,0,0,
3857271,Jack Grealish,,,,,0,0,0,0,0,0,0,0,0,
3857271,Marcus Rashford,,,,,0,0,0,0,0,0,0,0,0,
3857271,Callum Wilson,,,,,0,0,0,0,1,0,0,0,1,
3857271,Sardar Azmoun,,,,,0,0,0,0,0,0,0,0,0,
3857272,Mason Mount,,,,,0,0,0,0,0,0,0,0,0,
3857272,John Stones,,,,,0,0,0,0,0,0,0,0,0,
3857272,Harry Maguire,,,,,0,0,0,0,0,0,0,0,0,
3857272,Luke Shaw,,,,,0,0,0,0,0,0,0,0,0,
3857272,Walker Zimmerman,,,,,0,0,0,0,0,0,0,0,0,
3857272,Matthew Charles Turner,,,,,0,0,0,0,0,0,0,0,0,
3857272,Declan Rice,,,,,0,0,0,0,0,0,0,0,0,
3857272,Tyler Adams,,,,,0,0,0,0,0,0,0,0,0,
3857272,Haji Wright,,,,,0,0,0,0,0,0,0,0,0,
3857272,Timothy Weah,,,,,0,0,0,0,0,0,0,0,0,
3857272,Weston McKennie,,,,,0,0,0,0,0,0,0,0,0,
3857272,Kieran Trippier,,,,,0,0,0,0,0,0,0,0,0,
3857272,Jordan Pickford,,,,,0,0,0,0,0,0,0,0,0,
3857272,Tim Ream,,,,,0,0,0,0,0,0,0,0,0,
3857272,Sergino Dest,,,,,0,0,0,0,0,0,0,0,0,
3857272,Jude Bellingham,,,,,0,0,0,0,0,0,0,0,0,
3857272,Christian Pulisic,,,,,0,0,0,0,0,0,0,0,0,
3857272,Raheem Sterling,,,,,0,0,0,0,0,0,0,0,0,
3857272,Yunus Dimoara Musah,,,,,0,0,0,0,0,0,0,0,0,
3857272,Antonee Robinson,,,,,0,0,0,0,0,0,0,0,0,
3857272,Harry Kane,,,,,0,0,0,0,0,0,0,0,0,
3857272,Bukayo Saka,,,,,0,0,0,0,0,0,0,0,0,
3857272,Jordan Brian Henderson,,,,,0,0,0,0,0,0,0,0,0,
3857272,Jack Grealish,,,,,0,0,0,0,0,0,0,0,0,
3857272,Shaquell Moore,,,,,0,0,0,0,0,0,0,0,0,
3857272,Brenden Aaronson,,,,,0,0,0,0,0,0,0,0,0,
3857272,Joshua Sargent,,,,,0,0,0,0,0,0,0,0,0,
3857272,Marcus Rashford,,,,,0,0,0,0,0,0,0,0,0,
3857272,Giovanni Reyna,,,,,0,0,0,0,0,0,0,0,0,
3857273,Aaron Ramsey,,,,,0,0,0,0,0,0,0,0,0,
3857273,Chris Mepham,,,,,0,0,0,0,0,0,0,0,0,
3857273,Ramin Rezaeian,,,,,0,0,0,0,0,0,0,0,0,
3857273,Ali Gholizadeh,,,,,0,0,0,0,0,0,0,0,0,
3857273,Joe Rodon,,,,,0,0,0,0,0,0,0,0,0,
3857273,Ethan Ampadu,,,,,0,0,0,0,0,0,0,0,0,
3857273,Seyed Majid Hosseini,,,,,0,0,0,0,0,0,0,0,0,
3857273,Saeid Ezatolahi Afagh,,,,,0,0,0,0,0,0,0,0,0,
3857273,Mehdi Taremi,,,,,0,0,0,0,1,0,0,0,1,
3857273,Milad Mohammadi,,,,,0,0,0,0,0,0,0,0,0,
3857273,Morteza Pouraliganji,,,,,0,0,0,0,0,0,0,0,0,
3857273,Ben Davies,,,,,0,0,0,0,0,0,0,0,0,
3857273,Ahmad Nourollahi,,,,,0,0,0,0,0,0,0,0,0,
3857273,Connor Roberts,,,,,0,0,0,0,0,0,0,0,0,
3857273,Wayne Hennessey,,,,,0,0,0,0,0,0,0,0,0,
3857273,Neco Williams,,,,,0,0,0,0,0,0,0,0,0,
3857273,Kieffer Roberto Francisco Moore,,,,,0,0,0,0,0,0,0,0,0,
3857273,Harry Wilson,,,,,0,0,0,0,0,0,0,0,0,
3857273,Seyed Hossein Hosseini,,,,,0,0,0,0,0,0,0,0,0,
3857273,Sardar Azmoun,,,,,0,0,0,0,0,0,0,0,0,
3857273,Ehsan Hajsafi,,,,,0,0,0,0,0,0,0,0,0,
3857273,Gareth Frank Bale,,,,,0,0,0,0,0,0,0,0,0,
3857273,Daniel James,,,,,0,0,0,0,0,0,0,0,0,
3857273,Brennan Johnson,,,,,0,0,0,0,0,0,0,0,0,
3857273,Karim Ansarifard,,,,,0,0,0,0,0,0,0,0,0,
3857273,Joe Allen,,,,,0,0,0,0,0,0,0,0,0,
3857273,Roozbeh Cheshmi,,,,,0,0,0,0,0,0,0,0,0,
3857273,Mehdi Torabi,,,,,0,0,0,0,0,0,0,0,0,
3857273,Alireza Jahanbakhsh,,,,,0,0,0,0,0,0,0,0,0,
3857273,Ali Karimi,,,,,0,0,0,0,0,0,0,0,0,
3857273,Danny Ward,,,,,0,0,0,0,0,0,0,0,0,
3857274,Gonzalo Jordy Plata Jiménez,,,,,0,0,0,0,0,0,0,0,0,
3857274,Piero Martín Hincapié Reyna,,,,,0,0,0,0,0,0,0,0,0,
3857274,Denzel Dumfries,,,,,0,0,0,0,0,0,0,0,0,
3857274,Davy Klaassen,,,,,0,0,0,0,1,0,0,0,1,
3857274,Felix Eduardo Torres Caicedo,,,,,0,0,0,0,0,0,0,0,0,
3857274,Angelo Smit Preciado Quiñónez,,,,,0,0,0,0,0,0,0,0,0,
3857274,Nathan Aké,,,,,0,0,0,0,0,0,0,0,0,
3857274,Michael Steveen Estrada Martínez,,,,,0,0,0,0,0,0,0,0,0,
3857274,Jurriën David Norman Timber,,,,,0,0,0,0,0,0,0,0,0,
3857274,Teun Koopmeiners,,,,,0,0,0,0,0,0,0,0,0,
3857274,Frenkie de Jong,,,,,0,0,0,0,0,0,0,0,0,
3857274,Daley Blind,,,,,0,0,0,0,0,0,0,0,0,
3857274,Virgil van Dijk,,,,,0,0,0,0,0,0,0,0,0,
3857274,Cody Mathès Gakpo,,,,,0,0,0,0,0,0,0,0,0,
3857274,Pervis Josué Estupiñán Tenorio,,,,,0,0,0,0,0,0,0,0,0,
3857274,Moisés Isaac Caicedo Corozo,,,,,0,0,0,0,0,0,0,0,0,
3857274,Hernán Ismael Galíndez,,,,,0,0,0,0,0,0,0,0,0,
3857274,Jackson Gabriel Porozo Vernaza,,,,,0,0,0,0,0,0,0,0,0,
3857274,Steven Bergwijn,,,,,0,0,0,0,0,0,0,0,0,
3857274,Jhegson Sebastián Méndez Carabalí,,,,,0,0,0,0,0,0,0,0,0,
3857274,Enner Remberto Valencia Lastra,,,,,0,0,0,0,0,0,0,0,0,
3857274,Andries Noppert,,,,,0,0,0,0,0,0,0,0,0,
3857274,Memphis Depay,,,,,0,0,0,0,0,0,0,0,0,
3857274,Steven Berghuis,,,,,0,0,0,0,0,0,0,0,0,
3857274,Jeremy Leonel Sarmiento Morante,,,,,0,0,0,0,0,0,0,0,0,
3857274,Wout Weghorst,,,,,0,0,0,0,0,0,0,0,0,
3857274,Marten de Roon,,,,,0,0,0,0,0,0,0,0,0,
3857274,Romario Andrés Ibarra Mina,,,,,0,0,0,0,0,0,0,0,0,
3857274,Kevin José Rodríguez Cortez,,,,,0,0,0,0,0,0,0,0,0,
3857275,Ellyes Joris Skhiri,,,,,0,0,0,0,0,0,0,0,0,
3857275,Wahbi Khazri,,,,,0,0,0,0,0,0,0,0,0,
3857275,Anis Ben Slimane,,,,,0,0,0,0,0,0,0,0,0,
3857275,Wajdi Kechrida,,,,,0,0,0,0,0,0,0,0,0,
3857275,Yassine Meriah,,,,,0,0,0,0,0,0,0,0,0,
3857275,Nader Ghandri,,,,,0,0,0,0,0,0,0,0,0,
3857275,Montassar Omar Talbi,,,,,0,0,0,0,0,0,0,0,0,
3857275,Ali Maâloul,,,,,0,0,0,0,0,0,0,0,0,
3857275,Steve Mandanda,,,,,0,0,0,0,0,0,0,0,0,
3857275,Raphaël Varane,,,,,0,0,0,0,0,0,0,0,0,
3857275,Axel Disasi,,,,,0,0,0,0,0,0,0,0,0,
3857275,Aïssa Bilal Laïdouni,,,,,0,0,0,0,1,0,0,0,1,
3857275,Aymen Dahmen,,,,,0,0,0,0,0,0,0,0,0,
3857275,Ibrahima Konaté,,,,,0,0,0,0,0,0,0,0,0,
3857275,Eduardo Camavinga,,,,,0,0,0,0,0,0,0,0,0,
3857275,Mohamed Ali Ben Romdhane,,,,,0,0,0,0,0,0,0,0,0,
3857275,Kingsley Coman,,,,,0,0,0,0,0,0,0,0,0,
3857275,Aurélien Djani Tchouaméni,,,,,0,0,0,0,0,0,0,0,0,
3857275,Jordan Veretout,,,,,0,0,0,0,0,0,0,0,0,
3857275,Youssouf Fofana,,,,,0,0,0,0,0,0,0,0,0,
3857275,Randal Kolo Muani,,,,,0,0,0,0,0,0,0,0,0,
3857275,Mattéo Guendouzi Olié,,,,,0,0,0,0,0,0,0,0,0,
3857275,William Saliba,,,,,0,0,0,0,0,0,0,0,0,
3857275,Issam Jebali,,,,,0,0,0,0,0,0,0,0,0,
3857275,Adrien Rabiot,,,,,0,0,0,0,0,0,0,0,0,
3857275,Kylian Mbappé Lottin,,,,,0,0,0,0,0,0,0,0,0,
3857275,Antoine Griezmann,,,,,0,0,0,0,0,0,0,0,0,
3857275,Ousmane Dembélé,,,,,0,0,0,0,0,0,0,0,0,
3857275,Ghilane Chalali,,,,,0,0,0,0,0,0,0,0,0,
3857275,Ali Abdi,,,,,0,0,0,0,0,0,0,0,0,
3857276,Youssef En-Nesyri,,,,,0,0,0,0,0,0,0,0,0,
3857276,Sofyan Amrabat,,,,,0,0,0,0,0,0,0,0,0,
3857276,Nayef Aguerd,,,,,0,0,0,0,0,0,0,0,0,
3857276,Romain Saïss,,,,,0,0,0,0,0,0,0,0,0,
3857276,Achraf Hakimi Mouh,,,,,0,0,0,0,1,0,0,0,1,
3857276,Hakim Ziyech,,,,,0,0,0,0,0,0,0,0,0,
3857276,Yassine Bounou,,,,,0,0,0,0,0,0,0,0,0,
3857276,Abdelhamid Sabiri,,,,,0,0,0,0,0,0,0,0,0,
3857276,Sofiane Boufal,,,,,0,0,0,0,0,0,0,0,0,
3857276,Noussair Mazraoui,,,,,0,0,0,0,0,0,0,0,0,
3857276,Milan Borjan,,,,,0,0,0,0,0,0,0,0,0,
3857276,Kamal Miller,,,,,0,0,0,0,0,0,0,0,0,
3857276,David Junior Hoilett,,,,,0,0,0,0,0,0,0,0,0,
3857276,Cyle Larin,,,,,0,0,0,0,0,0,0,0,0,
3857276,Alphonso Davies,,,,,0,0,0,0,0,0,0,0,0,
3857276,Steven de Sousa Vitoria,,,,,0,0,0,0,0,0,0,0,0,
3857276,Azzedine Ounahi,,,,,0,0,0,0,0,0,0,0,0,
3857276,Alistair Johnston,,,,,0,0,0,0,0,0,0,0,0,
3857276,Jonathan Osorio,,,,,0,0,0,0,0,0,0,0,0,
3857276,Mark Anthony Kaye,,,,,0,0,0,0,0,0,0,0,0,
3857276,Sam Adekugbe,,,,,0,0,0,0,0,0,0,0,0,
3857276,Tajon Buchanan,,,,,0,0,0,0,0,0,0,0,0,
3857276,Atiba Hutchinson,,,,,0,0,0,0,0,0,0,0,0,
3857276,Ismael Koné,,,,,0,0,0,0,0,0,0,0,0,
3857276,Jonathan David,,,,,0,0,0,0,0,0,0,0,0,
3857276,Zakaria Aboukhlal,,,,,0,0,0,0,0,0,0,0,0,
3857276,Richie Laryea,,,,,0,0,0,0,0,0,0,0,0,
3857276,Selim Amallah,,,,,0,0,0,0,0,0,0,0,0,
3857276,David Wotherspoon,,,,,0,0,0,0,0,0,0,0,0,
3857276,Abderrazak Hamdallah,,,,,0,0,0,0,0,0,0,0,0,
3857276,Jawad El Yamiq,,,,,0,0,0,0,0,0,0,0,0,
3857276,Yahya Jabrane,,,,,0,0,0,0,0,0,0,0,0,
3857277,Youssef En-Nesyri,,,,,0,0,0,0,0,0,0,0,0,
3857277,Sofyan Amrabat,,,,,0,0,0,0,0,0,0,0,0,
3857277,Noussair Mazraoui,,,,,0,0,0,0,0,0,0,0,0,
3857277,Romain Saïss,,,,,0,0,0,0,0,0,0,0,0,
3857277,Dejan Lovren,,,,,0,0,0,0,0,0,0,0,0,
3857277,Nayef Aguerd,,,,,0,0,0,0,0,0,0,0,0,
3857277,Josip Juranović,,,,,0,0,0,0,0,0,0,0,0,
3857277,Joško Gvardiol,,,,,0,0,0,0,0,0,0,0,0,
3857277,Mateo Kovačić,,,,,0,0,0,0,0,0,0,0,0,
3857277,Borna Sosa,,,,,0,0,0,0,0,0,0,0,0,
3857277,Luka Modrić,,,,,0,0,0,0,0,0,0,0,0,
3857277,Ivan Perišić,,,,,0,0,0,0,0,0,0,0,0,
3857277,Sofiane Boufal,,,,,0,0,0,0,0,0,0,0,0,
3857277,Marcelo Brozović,,,,,0,0,0,0,0,0,0,0,0,
3857277,Yassine Bounou,,,,,0,0,0,0,0,0,0,0,0,
3857277,Andrej Kramarić,,,,,0,0,0,0,0,0,0,0,0,
3857277,Achraf Hakimi Mouh,,,,,0,0,0,0,0,0,0,0,0,
3857277,Azzedine Ounahi,,,,,0,0,0,0,0,0,0,0,0,
3857277,Nikola Vlašić,,,,,0,0,0,0,0,0,0,0,0,
3857277,Hakim Ziyech,,,,,0,0,0,0,0,0,0,0,0,
3857277,Selim Amallah,,,,,0,0,0,0,0,0,0,0,0,
3857277,Dominik Livaković,,,,,0,0,0,0,0,0,0,0,0,
3857277,Mario Pašalić,,,,,0,0,0,0,0,0,0,0,0,
3857277,Yahia Attiyat allah,,,,,0,0,0,0,0,0,0,0,0,
3857277,Marko Livaja,,,,,0,0,0,0,0,0,0,0,0,
3857277,Lovro Majer,,,,,0,0,0,0,0,0,0,0,0,
3857277,Abdelhamid Sabiri,,,,,0,0,0,0,0,0,0,0,0,
3857277,Abderrazak Hamdallah,,,,,0,0,0,0,0,0,0,0,0,
3857277,Abdessamad Ezzalzouli,,,,,0,0,0,0,0,0,0,0,0,
3857277,Mislav Oršić,,,,,0,0,0,0,0,0,0,0,0,
3857278,Mehdi Taremi,,,,,0,0,0,0,0,0,0,0,0,
3857278,Ehsan Hajsafi,,,,,0,0,0,0,0,0,0,0,0,
3857278,Ramin Rezaeian,,,,,0,0,0,0,0,0,0,0,0,
3857278,Sergino Dest,,,,,0,0,0,0,1,0,0,0,1,
3857278,Milad Mohammadi,,,,,0,0,0,0,0,0,0,0,0,
3857278,Tyler Adams,,,,,0,0,0,0,0,0,0,0,0,
3857278,Ahmad Nourollahi,,,,,0,0,0,0,0,0,0,0,0,
3857278,Sardar Azmoun,,,,,0,0,0,0,0,0,0,0,0,
3857278,Yunus Dimoara Musah,,,,,0,0,0,0,0,0,0,0,0,
3857278,Timothy Weah,,,,,0,0,0,0,0,0,0,0,0,
3857278,Cameron Carter-Vickers,,,,,0,0,0,0,0,0,0,0,0,
3857278,Tim Ream,,,,,0,0,0,0,0,0,0,0,0,
3857278,Ali Gholizadeh,,,,,0,0,0,0,0,0,0,0,0,
3857278,Antonee Robinson,,,,,0,0,0,0,0,0,0,0,0,
3857278,Saeid Ezatolahi Afagh,,,,,0,0,0,0,0,0,0,0,0,
3857278,Morteza Pouraliganji,,,,,0,0,0,0,0,0,0,0,0,
3857278,Matthew Charles Turner,,,,,0,0,0,0,0,0,0,0,0,
3857278,Weston McKennie,,,,,0,0,0,0,0,0,0,0,0,
3857278,Christian Pulisic,,,,,0,0,0,0,0,0,0,0,0,
3857278,Alireza Safar Beiranvand,,,,,0,0,0,0,0,0,0,0,0,
3857278,Joshua Sargent,,,,,0,0,0,0,0,0,0,0,0,
3857278,Seyed Majid Hosseini,,,,,0,0,0,0,0,0,0,0,0,
3857278,Ali Karimi,,,,,0,0,0,0,0,0,0,0,0,
3857278,Brenden Aaronson,,,,,0,0,0,0,0,0,0,0,0,
3857278,Saman Ghoddos,,,,,0,0,0,0,0,0,0,0,0,
3857278,Kellyn Kai Perry-Acosta,,,,,0,0,0,0,0,0,0,0,0,
3857278,Abolfazl Jalali,,,,,0,0,0,0,0,0,0,0,0,
3857278,Mehdi Torabi,,,,,0,0,0,0,0,0,0,0,0,
3857278,Karim Ansarifard,,,,,0,0,0,0,0,0,0,0,0,
3857278,Shaquell Moore,,,,,0,0,0,0,0,0,0,0,0,
3857278,Haji Wright,,,,,0,0,0,0,0,0,0,0,0,
3857278,Walker Zimmerman,,,,,0,0,0,0,0,0,0,0,0,
3857279,Olivier Giroud,,,,,0,0,0,0,0,0,0,0,0,
3857279,Aurélien Djani Tchouaméni,,,,,0,0,0,0,0,0,0,0,0,
3857279,Adrien Rabiot,,,,,0,0,0,0,1,0,0,0,1,
3857279,Dayotchanculle Upamecano,,,,,0,0,0,0,0,0,0,0,0,
3857279,Benjamin Pavard,,,,,0,0,0,0,0,0,0,0,0,
3857279,Ibrahima Konaté,,,,,0,0,0,0,0,0,0,0,0,
3857279,Lucas Hernández Pi,,,,,0,0,0,0,0,0,0,0,0,
3857279,Kylian Mbappé Lottin,,,,,0,0,0,0,1,0,0,0,1,
3857279,Antoine Griezmann,,,,,0,0,0,0,0,0,0,0,0,
3857279,Ousmane Dembélé,,,,,0,0,0,0,1,0,0,0,1,
3857279,Nathaniel Atkinson,,,,,0,0,0,0,0,0,0,0,0,
3857279,Harry Souttar,,,,,0,0,0,0,0,0,0,0,0,
3857279,Kye Rowles,,,,,0,0,0,0,0,0,0,0,0,
3857279,Aziz Eraltay Behich,,,,,0,0,0,0,0,0,0,0,0,
3857279,Mathew Leckie,,,,,0,0,0,0,1,0,0,0,1,
3857279,Jackson Irvine,,,,,0,0,0,0,0,0,0,0,0,
3857279,Mitchell Thomas Duke,,,,,0,0,0,0,0,0,0,0,0,
3857279,Hugo Lloris,,,,,0,0,0,0,0,0,0,0,0,
3857279,Craig Goodwin,,,,,0,0,0,0,0,0,0,0,0,
3857279,Riley McGree,,,,,0,0,0,0,0,0,0,0,0,
3857279,Aaron Mooy,,,,,0,0,0,0,0,0,0,0,0,
3857279,Mathew Ryan,,,,,0,0,0,0,0,0,0,0,0,
3857279,Theo Bernard François Hernández,,,,,0,0,0,0,1,0,0,0,1,
3857279,Jason Cummings,,,,,0,0,0,0,0,0,0,0,0,
3857279,Garang Kuol,,,,,0,0,0,0,0,0,0,0,0,
3857279,Awer Mabil,,,,,0,0,0,0,0,0,0,0,0,
3857279,Youssouf Fofana,,,,,0,0,0,0,0,0,0,0,0,
3857279,Kingsley Coman,,,,,0,0,0,0,0,0,0,0,0,
3857279,Miloš Degenek,,,,,0,0,0,0,0,0,0,0,0,
3857279,Keanu Baccus,,,,,0,0,0,0,0,0,0,0,0,
3857279,Jules Koundé,,,,,0,0,0,0,0,0,0,0,0,
3857280,Gabriel Fernando de Jesus,,,,,0,0,0,0,0,0,0,0,0,
3857280,Fábio Henrique Tavares,,,,,0,0,0,0,0,0,0,0,0,
3857280,Rodrygo Silva de Goes,,,,,0,0,0,0,0,0,0,0,0,
3857280,Alex Nicolao Telles,,,,,0,0,0,0,0,0,0,0,0,
3857280,Gleison Bremer Silva Nascimento,,,,,0,0,0,0,0,0,0,0,0,
3857280,Éder Gabriel Militão,,,,,0,0,0,0,0,0,0,0,0,
3857280,Ngoran Suiru Fai Collins,,,,,0,0,0,0,0,0,0,0,0,
3857280,Jean-Eric Maxim Choupo-Moting,,,,,0,0,0,0,0,0,0,0,0,
3857280,André-Frank Zambo Anguissa,,,,,0,0,0,0,0,0,0,0,0,
3857280,Ederson Santana de Moraes,,,,,0,0,0,0,0,0,0,0,0,
3857280,Antony Matheus dos Santos,,,,,0,0,0,0,0,0,0,0,0,
3857280,Frederico Rodrigues Santos,,,,,0,0,0,0,0,0,0,0,0,
3857280,Daniel Alves da Silva,,,,,0,0,0,0,0,0,0,0,0,
3857280,Nouhou Tolo,,,,,0,0,0,0,0,0,0,0,0,
3857280,Vincent Paté Aboubakar,,,,,0,0,0,0,0,0,0,0,0,
3857280,Pierre Kunde Malong,,,,,0,0,0,0,0,0,0,0,0,
3857280,Enzo Ebosse,,,,,0,0,0,0,0,0,0,0,0,
3857280,Christopher Wooh,,,,,0,0,0,0,0,0,0,0,0,
3857280,Devis Rogers Epassy Mboka,,,,,0,0,0,0,0,0,0,0,0,
3857280,Nicolas Moumi Ngamaleu,,,,,0,0,0,0,0,0,0,0,0,
3857280,Bryan Mbeumo,,,,,0,0,0,0,0,0,0,0,0,
3857280,Gabriel Teodoro Martinelli Silva,,,,,0,0,0,0,0,0,0,0,0,
3857280,Marcos Aoás Corrêa,,,,,0,0,0,0,0,0,0,0,0,
3857280,Éverton Augusto de Barros Ribeiro,,,,,0,0,0,0,0,0,0,0,0,
3857280,Bruno Guimarães Rodriguez Moura,,,,,0,0,0,0,0,0,0,0,0,
3857280,Pedro Guilherme Abreu dos Santos,,,,,0,0,0,0,0,0,0,0,0,
3857280,Karl Brillant Toko Ekambi,,,,,0,0,0,0,0,0,0,0,0,
3857280,Jules Olivier Ntcham,,,,,0,0,0,0,0,0,0,0,0,
3857280,Raphael Dias Belloli,,,,,0,0,0,0,0,0,0,0,0,
3857280,Jerome Ngom Mbekeli,,,,,0,0,0,0,1,0,0,0,1,
3857281,Marko Livaja,,,,,0,0,0,0,0,0,0,0,0,
3857281,Marcelo Brozović,,,,,0,0,0,0,0,0,0,0,0,
3857281,Borna Sosa,,,,,0,0,0,0,0,0,0,0,0,
3857281,Joško Gvardiol,,,,,0,0,0,0,0,0,0,0,0,
3857281,Dejan Lovren,,,,,0,0,0,0,0,0,0,0,0,
3857281,Milan Borjan,,,,,0,0,0,0,0,0,0,0,0,
3857281,Kamal Miller,,,,,0,0,0,0,0,0,0,0,0,
3857281,Alistair Johnston,,,,,0,0,0,0,0,0,0,0,0,
3857281,Jonathan David,,,,,0,0,0,0,0,0,0,0,0,
3857281,Tajon Buchanan,,,,,0,0,0,0,1,0,0,0,1,
3857281,Steven de Sousa Vitoria,,,,,0,0,0,0,0,0,0,0,0,
3857281,Cyle Larin,,,,,0,0,0,0,0,0,0,0,0,
3857281,Alphonso Davies,,,,,0,0,0,0,0,0,0,0,0,
3857281,Atiba Hutchinson,,,,,0,0,0,0,0,0,0,0,0,
3857281,Stephen Antunes Eustáquio,,,,,0,0,0,0,0,0,0,0,0,
3857281,Josip Juranović,,,,,0,0,0,0,1,0,0,0,1,
3857281,Richie Laryea,,,,,0,0,0,0,0,0,0,0,0,
3857281,Dominik Livaković,,,,,0,0,0,0,0,0,0,0,0,
3857281,Luka Modrić,,,,,0,0,0,0,0,0,0,0,0,
3857281,Mateo Kovačić,,,,,0,0,0,0,0,0,0,0,0,
3857281,Andrej Kramarić,,,,,0,0,0,0,0,0,0,0,0,
3857281,Ivan Perišić,,,,,0,0,0,0,2,0,0,0,2,
3857281,Ismael Koné,,,,,0,0,0,0,0,0,0,0,0,
3857281,Jonathan Osorio,,,,,0,0,0,0,0,0,0,0,0,
3857281,Bruno Petković,,,,,0,0,0,0,0,0,0,0,0,
3857281,David Junior Hoilett,,,,,0,0,0,0,0,0,0,0,0,
3857281,Sam Adekugbe,,,,,0,0,0,0,0,0,0,0,0,
3857281,Lucas Daniel Cavallini,,,,,0,0,0,0,0,0,0,0,0,
3857281,Nikola Vlašić,,,,,0,0,0,0,0,0,0,0,0,
3857281,Mario Pašalić,,,,,0,0,0,0,0,0,0,0,0,
3857281,Lovro Majer,,,,,0,0,0,0,0,0,0,0,0,
3857281,Mislav Oršić,,,,,0,0,0,0,1,0,0,0,1,
3857282,Joshua Sargent,,,,,0,0,0,0,0,0,0,0,0,
3857282,Tim Ream,,,,,0,0,0,0,0,0,0,0,0,
3857282,Harry Wilson,,,,,0,0,0,0,0,0,0,0,0,
3857282,Walker Zimmerman,,,,,0,0,0,0,0,0,0,0,0,
3857282,Antonee Robinson,,,,,0,0,0,0,0,0,0,0,0,
3857282,Yunus Dimoara Musah,,,,,0,0,0,0,0,0,0,0,0,
3857282,Sergino Dest,,,,,0,0,0,0,0,0,0,0,0,
3857282,Aaron Ramsey,,,,,0,0,0,0,0,0,0,0,0,
3857282,Chris Mepham,,,,,0,0,0,0,0,0,0,0,0,
3857282,Connor Roberts,,,,,0,0,0,0,0,0,0,0,0,
3857282,Ethan Ampadu,,,,,0,0,0,0,0,0,0,0,0,
3857282,Timothy Weah,,,,,0,0,0,0,0,0,0,0,0,
3857282,Weston McKennie,,,,,0,0,0,0,0,0,0,0,0,
3857282,Neco Williams,,,,,0,0,0,0,0,0,0,0,0,
3857282,Tyler Adams,,,,,0,0,0,0,0,0,0,0,0,
3857282,Christian Pulisic,,,,,0,0,0,0,1,0,0,0,1,
3857282,Ben Davies,,,,,0,0,0,0,0,0,0,0,0,
3857282,Wayne Hennessey,,,,,0,0,0,0,0,0,0,0,0,
3857282,Joe Rodon,,,,,0,0,0,0,0,0,0,0,0,
3857282,Daniel James,,,,,0,0,0,0,0,0,0,0,0,
3857282,Matthew Charles Turner,,,,,0,0,0,0,0,0,0,0,0,
3857282,Gareth Frank Bale,,,,,0,0,0,0,0,0,0,0,0,
3857282,Kieffer Roberto Francisco Moore,,,,,0,0,0,0,0,0,0,0,0,
3857282,Brenden Aaronson,,,,,0,0,0,0,0,0,0,0,0,
3857282,Haji Wright,,,,,0,0,0,0,0,0,0,0,0,
3857282,DeAndre Yedlin,,,,,0,0,0,0,0,0,0,0,0,
3857282,Brennan Johnson,,,,,0,0,0,0,0,0,0,0,0,
3857282,Kellyn Kai Perry-Acosta,,,,,0,0,0,0,0,0,0,0,0,
3857282,Jordan Morris,,,,,0,0,0,0,0,0,0,0,0,
3857282,Joseff Morrell,,,,,0,0,0,0,0,0,0,0,0,
3857282,Sorba Thomas,,,,,0,0,0,0,0,0,0,0,0,
3857283,Michy Batshuayi Tunga,,,,,0,0,0,0,0,0,0,0,0,
3857283,Axel Witsel,,,,,0,0,0,0,0,0,0,0,0,
3857283,Toby Alderweireld,,,,,0,0,0,0,0,0,0,0,0,
3857283,Amadou Onana,,,,,0,0,0,0,0,0,0,0,0,
3857283,Jan Vertonghen,,,,,0,0,0,0,0,0,0,0,0,
3857283,Thomas Meunier,,,,,0,0,0,0,0,0,0,0,0,
3857283,Kevin De Bruyne,,,,,0,0,0,0,0,0,0,0,0,
3857283,Hakim Ziyech,,,,,0,0,0,0,1,0,0,0,1,
3857283,Thibaut Courtois,,,,,0,0,0,0,0,0,0,0,0,
3857283,Timothy Castagne,,,,,0,0,0,0,0,0,0,0,0,
3857283,Thorgan Hazard,,,,,0,0,0,0,0,0,0,0,0,
3857283,Selim Amallah,,,,,0,0,0,0,0,0,0,0,0,
3857283,Romain Saïss,,,,,0,0,0,0,0,0,0,0,0,
3857283,Nayef Aguerd,,,,,0,0,0,0,0,0,0,0,0,
3857283,Achraf Hakimi Mouh,,,,,0,0,0,0,0,0,0,0,0,
3857283,Sofiane Boufal,,,,,0,0,0,0,0,0,0,0,0,
3857283,Sofyan Amrabat,,,,,0,0,0,0,0,0,0,0,0,
3857283,Eden Hazard,,,,,0,0,0,0,0,0,0,0,0,
3857283,Youssef En-Nesyri,,,,,0,0,0,0,0,0,0,0,0,
3857283,Azzedine Ounahi,,,,,0,0,0,0,0,0,0,0,0,
3857283,Noussair Mazraoui,,,,,0,0,0,0,0,0,0,0,0,
3857283,Munir Mohand Mohamedi,,,,,0,0,0,0,0,0,0,0,0,
3857283,Youri Tielemans,,,,,0,0,0,0,0,0,0,0,0,
3857283,Dries Mertens,,,,,0,0,0,0,0,0,0,0,0,
3857283,Yahia Attiyat allah,,,,,0,0,0,0,0,0,0,0,0,
3857283,Abdelhamid Sabiri,,,,,0,0,0,0,1,0,0,0,1,
3857283,Leandro Trossard,,,,,0,0,0,0,0,0,0,0,0,
3857283,Abderrazak Hamdallah,,,,,0,0,0,0,0,0,0,0,0,
3857283,Zakaria Aboukhlal,,,,,0,0,0,0,0,0,0,0,0,
3857283,Jawad El Yamiq,,,,,0,0,0,0,0,0,0,0,0,
3857283,Charles De Ketelaere,,,,,0,0,0,0,0,0,0,0,0,
3857283,Romelu Lukaku Menama,,,,,0,0,0,0,0,0,0,0,0,
3857284,Kai Havertz,,,,,0,0,0,0,0,0,0,0,0,
3857284,Joshua Kimmich,,,,,0,0,0,0,0,0,0,0,0,
3857284,Ko Itakura,,,,,0,0,0,0,1,0,0,0,1,
3857284,Ao Tanaka,,,,,0,0,0,0,0,0,0,0,0,
3857284,Daizen Maeda,,,,,0,0,0,0,0,0,0,0,0,
3857284,Manuel Neuer,,,,,0,0,0,0,0,0,0,0,0,
3857284,Nico Schlotterbeck,,,,,0,0,0,0,0,0,0,0,0,
3857284,Antonio Rüdiger,,,,,0,0,0,0,0,0,0,0,0,
3857284,Niklas Süle,,,,,0,0,0,0,0,0,0,0,0,
3857284,Wataru Endo,,,,,0,0,0,0,0,0,0,0,0,
3857284,Yuto Nagatomo,,,,,0,0,0,0,0,0,0,0,0,
3857284,David Raum,,,,,0,0,0,0,0,0,0,0,0,
3857284,Jamal Musiala,,,,,0,0,0,0,0,0,0,0,0,
3857284,Serge Gnabry,,,,,0,0,0,0,0,0,0,0,0,
3857284,Thomas Müller,,,,,0,0,0,0,0,0,0,0,0,
3857284,Hiroki Sakai,,,,,0,0,0,0,0,0,0,0,0,
3857284,Junya Ito,,,,,0,0,0,0,0,0,0,0,0,
3857284,İlkay Gündoğan,,,,,0,0,0,0,0,0,0,0,0,
3857284,Daichi Kamada,,,,,0,0,0,0,0,0,0,0,0,
3857284,Maya Yoshida,,,,,0,0,0,0,0,0,0,0,0,
3857284,Takefusa Kubo,,,,,0,0,0,0,0,0,0,0,0,
3857284,Shūichi Gonda,,,,,0,0,0,0,0,0,0,0,0,
3857284,Takehiro Tomiyasu,,,,,0,0,0,0,0,0,0,0,0,
3857284,Takuma Asano,,,,,0,0,0,0,0,0,0,0,0,
3857284,Kaoru Mitoma,,,,,0,0,0,0,0,0,0,0,0,
3857284,Jonas Hofmann,,,,,0,0,0,0,0,0,0,0,0,
3857284,Leon Goretzka,,,,,0,0,0,0,0,0,0,0,0,
3857284,Ritsu Doan,,,,,0,0,0,0,0,0,0,0,0,
3857284,Takumi Minamino,,,,,0,0,0,0,0,0,0,0,0,
3857284,Mario Götze,,,,,0,0,0,0,0,0,0,0,0,
3857284,Niclas Füllkrug,,,,,0,0,0,0,0,0,0,0,0,
3857284,Youssoufa Moukoko,,,,,0,0,0,0,0,0,0,0,0,
3857285,Vincent Janssen,,,,,0,0,0,0,0,0,0,0,0,
3857285,Frenkie de Jong,,,,,0,0,0,0,1,0,0,0,1,
3857285,Daley Blind,,,,,0,0,0,0,0,0,0,0,0,
3857285,Nathan Aké,,,,,0,0,0,0,0,0,0,0,0,
3857285,Virgil van Dijk,,,,,0,0,0,0,0,0,0,0,0,
3857285,Steven Berghuis,,,,,0,0,0,0,0,0,0,0,0,
3857285,Ismaïla Sarr,,,,,0,0,0,0,0,0,0,0,0,
3857285,Idrissa Gana Gueye,,,,,0,0,0,0,0,0,0,0,0,
3857285,Youssouf Sabaly,,,,,0,0,0,0,0,0,0,0,0,
3857285,Nampalys Mendy,,,,,0,0,0,0,0,0,0,0,0,
3857285,Krépin Diatta,,,,,0,0,0,0,0,0,0,0,0,
3857285,Abdou Diallo,,,,,0,0,0,0,0,0,0,0,0,
3857285,Andries Noppert,,,,,0,0,0,0,0,0,0,0,0,
3857285,Matthijs de Ligt,,,,,0,0,0,0,0,0,0,0,0,
3857285,Denzel Dumfries,,,,,0,0,0,0,0,0,0,0,0,
3857285,Cody Mathès Gakpo,,,,,0,0,0,0,0,0,0,0,0,
3857285,Kalidou Koulibaly,,,,,0,0,0,0,0,0,0,0,0,
3857285,Steven Bergwijn,,,,,0,0,0,0,0,0,0,0,0,
3857285,Cheikhou Kouyaté,,,,,0,0,0,0,0,0,0,0,0,
3857285,Boulaye Dia,,,,,0,0,0,0,0,0,0,0,0,
3857285,Pape Abou Cissé,,,,,0,0,0,0,0,0,0,0,0,
3857285,Edouard Mendy,,,,,0,0,0,0,0,0,0,0,0,
3857285,Ismail Jakobs,,,,,0,0,0,0,0,0,0,0,0,
3857285,Memphis Depay,,,,,0,0,0,0,0,0,0,0,0,
3857285,Pape Gueye,,,,,0,0,0,0,0,0,0,0,0,
3857285,Nicolas Jackson,,,,,0,0,0,0,0,0,0,0,0,
3857285,Teun Koopmeiners,,,,,0,0,0,0,0,0,0,0,0,
3857285,Davy Klaassen,,,,,0,0,0,0,0,0,0,0,0,
3857285,Cheikh Ahmadou Bamba Mbacke Dieng,,,,,0,0,0,0,0,0,0,0,0,
3857285,Marten de Roon,,,,,0,0,0,0,0,0,0,0,0,
3857286,Almoez Ali Zainalabiddin Abdulla,,,,,0,0,0,0,0,0,0,0,0,
3857286,Akram Hassan Afif,,,,,0,0,0,0,0,0,0,0,0,
3857286,Hassan Khalid Al Heidos,,,,,0,0,0,0,0,0,0,0,0,
3857286,Piero Martín Hincapié Reyna,,,,,0,0,0,0,0,0,0,0,0,
3857286,Pervis Josué Estupiñán Tenorio,,,,,0,0,0,0,0,0,0,0,0,
3857286,Angelo Smit Preciado Quiñónez,,,,,0,0,0,0,1,0,0,0,1,
3857286,Michael Steveen Estrada Martínez,,,,,0,0,0,0,0,0,0,0,0,
3857286,Felix Eduardo Torres Caicedo,,,,,0,0,0,0,0,0,0,0,0,
3857286,Boualem Khoukhi,,,,,0,0,0,0,0,0,0,0,0,
3857286,Bassam Hisham Al Rawi,,,,,0,0,0,0,0,0,0,0,0,
3857286,Abdelkarim Hassan Al Haj Fadlalla,,,,,0,0,0,0,0,0,0,0,0,
3857286,Abdulaziz Hatem Mohammed Abdullah,,,,,0,0,0,0,0,0,0,0,0,
3857286,Enner Remberto Valencia Lastra,,,,,0,0,0,0,0,0,0,0,0,
3857286,Homam Alamin Ahmed,,,,,0,0,0,0,0,0,0,0,0,
3857286,Jhegson Sebastián Méndez Carabalí,,,,,0,0,0,0,0,0,0,0,0,
3857286,Saad Abdullah Al Sheeb,,,,,0,0,0,0,0,0,0,0,0,
3857286,Romario Andrés Ibarra Mina,,,,,0,0,0,0,0,0,0,0,0,
3857286,Karim Boudiaf,,,,,0,0,0,0,0,0,0,0,0,
3857286,Pedro Miguel Correia,,,,,0,0,0,0,0,0,0,0,0,
3857286,Hernán Ismael Galíndez,,,,,0,0,0,0,0,0,0,0,0,
3857286,Moisés Isaac Caicedo Corozo,,,,,0,0,0,0,0,0,0,0,0,
3857286,Gonzalo Jordy Plata Jiménez,,,,,0,0,0,0,0,0,0,0,0,
3857286,Jeremy Leonel Sarmiento Morante,,,,,0,0,0,0,0,0,0,0,0,
3857286,Mohammed Waed Abdulwahhab Al Bayati,,,,,0,0,0,0,0,0,0,0,0,
3857286,José Adoni Cifuentes Charcopa,,,,,0,0,0,0,0,0,0,0,0,
3857286,Mohammed Muntari,,,,,0,0,0,0,0,0,0,0,0,
3857286,Alan Steven Franco Palma,,,,,0,0,0,0,0,0,0,0,0,
3857286,Kevin José Rodríguez Cortez,,,,,0,0,0,0,0,0,0,0,0,
3857287,Ui-Jo Hwang,,,,,0,0,0,0,0,0,0,0,0,
3857287,Woo-Young Jung,,,,,0,0,0,0,0,0,0,0,0,
3857287,Young-Gwon Kim,,,,,0,0,0,0,0,0,0,0,0,
3857287,Matías Vecino Falero,,,,,0,0,0,0,0,0,0,0,0,
3857287,Rodrigo Bentancur Colmán,,,,,0,0,0,0,0,0,0,0,0,
3857287,Mathías Olivera Miramontes,,,,,0,0,0,0,0,0,0,0,0,
3857287,Darwin Gabriel Núñez Ribeiro,,,,,0,0,0,0,0,0,0,0,0,
3857287,Min Jae Kim,,,,,0,0,0,0,0,0,0,0,0,
3857287,Heung-Min Son,,,,,0,0,0,0,0,0,0,0,0,
3857287,Sergio Rochet Álvarez,,,,,0,0,0,0,0,0,0,0,0,
3857287,Seung-Gyu Kim,,,,,0,0,0,0,0,0,0,0,0,
3857287,José Martín Cáceres Silva,,,,,0,0,0,0,0,0,0,0,0,
3857287,Jae-Sung Lee,,,,,0,0,0,0,0,0,0,0,0,
3857287,Jin-Su Kim,,,,,0,0,0,0,0,0,0,0,0,
3857287,In-Beom Hwang,,,,,0,0,0,0,0,0,0,0,0,
3857287,Luis Alberto Suárez Díaz,,,,,0,0,0,0,0,0,0,0,0,
3857287,Moon-Hwan Kim,,,,,0,0,0,0,0,0,0,0,0,
3857287,Diego Roberto Godín Leal,,,,,0,0,0,0,0,0,0,0,0,
3857287,José María Giménez de Vargas,,,,,0,0,0,0,0,0,0,0,0,
3857287,Sang-Ho Na,,,,,0,0,0,0,0,0,0,0,0,
3857287,Federico Santiago Valverde Dipetta,,,,,0,0,0,0,0,0,0,0,0,
3857287,Facundo Pellistri Rebollo,,,,,0,0,0,0,0,0,0,0,0,
3857287,Jun-Ho Son,,,,,0,0,0,0,0,0,0,0,0,
3857287,Kang-In Lee,,,,,0,0,0,0,0,0,0,0,0,
3857287,Gue-Sung Cho,,,,,0,0,0,0,0,0,0,0,0,
3857287,Edinson Roberto Cavani Gómez,,,,,0,0,0,0,0,0,0,0,0,
3857287,Diego Nicolás De La Cruz Arcosa,,,,,0,0,0,0,0,0,0,0,0,
3857287,Matías Nicolás Viña Susperreguy,,,,,0,0,0,0,0,0,0,0,0,
3857287,Guillermo Varela Olivera,,,,,0,0,0,0,0,0,0,0,0,
3857288,Riley McGree,,,,,0,0,0,0,0,0,0,0,0,
3857288,Aaron Mooy,,,,,0,0,0,0,0,0,0,0,0,
3857288,Aziz Eraltay Behich,,,,,0,0,0,0,0,0,0,0,0,
3857288,Kye Rowles,,,,,0,0,0,0,0,0,0,0,0,
3857288,Montassar Omar Talbi,,,,,0,0,0,0,0,0,0,0,0,
3857288,Issam Jebali,,,,,0,0,0,0,0,0,0,0,0,
3857288,Aïssa Bilal Laïdouni,,,,,0,0,0,0,0,0,0,0,0,
3857288,Youssef Msakni,,,,,0,0,0,0,0,0,0,0,0,
3857288,Yassine Meriah,,,,,0,0,0,0,0,0,0,0,0,
3857288,Ali Abdi,,,,,0,0,0,0,0,0,0,0,0,
3857288,Ellyes Joris Skhiri,,,,,0,0,0,0,0,0,0,0,0,
3857288,Fran Karačić,,,,,0,0,0,0,0,0,0,0,0,
3857288,Mohamed Dräger,,,,,0,0,0,0,0,0,0,0,0,
3857288,Dylan Daniel Mahmoud Bronn,,,,,0,0,0,0,0,0,0,0,0,
3857288,Mitchell Thomas Duke,,,,,0,0,0,0,0,0,0,0,0,
3857288,Aymen Dahmen,,,,,0,0,0,0,0,0,0,0,0,
3857288,Harry Souttar,,,,,0,0,0,0,0,0,0,0,0,
3857288,Jackson Irvine,,,,,0,0,0,0,0,0,0,0,0,
3857288,Craig Goodwin,,,,,0,0,0,0,0,0,0,0,0,
3857288,Mathew Leckie,,,,,0,0,0,0,0,0,0,0,0,
3857288,Naïm Sliti,,,,,0,0,0,0,0,0,0,0,0,
3857288,Mathew Ryan,,,,,0,0,0,0,0,0,0,0,0,
3857288,Ferjani Sassi,,,,,0,0,0,0,0,0,0,0,0,
3857288,Ajdin Hrustic,,,,,0,0,0,0,0,0,0,0,0,
3857288,Wahbi Khazri,,,,,0,0,0,0,0,0,0,0,0,
3857288,Jamie MacLaren,,,,,0,0,0,0,0,0,0,0,0,
3857288,Wajdi Kechrida,,,,,0,0,0,0,0,0,0,0,0,
3857288,Miloš Degenek,,,,,0,0,0,0,0,0,0,0,0,
3857288,Keanu Baccus,,,,,0,0,0,0,0,0,0,0,0,
3857288,Awer Mabil,,,,,0,0,0,0,0,0,0,0,0,
3857288,Taha Yassine Khenissi,,,,,0,0,0,0,0,0,0,0,0,
3857289,José Andrés Guardado Hernández,,,,,0,0,0,0,0,0,0,0,0,
3857289,Héctor Miguel Herrera López,,,,,0,0,0,0,0,0,0,0,0,
3857289,Damián Emiliano Martínez,,,,,0,0,0,0,0,0,0,0,0,
3857289,Nicolás Hernán Otamendi,,,,,0,0,0,0,0,0,0,0,0,
3857289,Gonzalo Ariel Montiel,,,,,0,0,0,0,0,0,0,0,0,
3857289,Ángel Fabián Di María Hernández,,,,,0,0,0,0,1,0,0,0,1,
3857289,Marcos Javier Acuña,,,,,0,0,0,0,0,0,0,0,0,
3857289,Lisandro Martínez,,,,,0,0,0,0,0,0,0,0,0,
3857289,Rodrigo Javier De Paul,,,,,0,0,0,0,0,0,0,0,0,
3857289,Guido Rodríguez,,,,,0,0,0,0,0,0,0,0,0,
3857289,Lionel Andrés Messi Cuccittini,,,,,0,0,0,0,1,0,0,0,1,
3857289,Alexis Mac Allister,,,,,0,0,0,0,0,0,0,0,0,
3857289,Jesús Daniel Gallardo Vasconcelos,,,,,0,0,0,0,0,0,0,0,0,
3857289,Héctor Alfredo Moreno Herrera,,,,,0,0,0,0,0,0,0,0,0,
3857289,Hirving Rodrigo Lozano Bahena,,,,,0,0,0,0,0,0,0,0,0,
3857289,Ernesto Alexis Vega Rojas,,,,,0,0,0,0,0,0,0,0,0,
3857289,Néstor Alejandro Araújo Razo,,,,,0,0,0,0,0,0,0,0,0,
3857289,Kevin Nahin Álvarez Campos,,,,,0,0,0,0,0,0,0,0,0,
3857289,Luis Gerardo Chávez Magallón,,,,,0,0,0,0,0,0,0,0,0,
3857289,Francisco Guillermo Ochoa Magaña,,,,,0,0,0,0,0,0,0,0,0,
3857289,César Jasib Montes Castro,,,,,0,0,0,0,0,0,0,0,0,
3857289,Lautaro Javier Martínez,,,,,0,0,0,0,0,0,0,0,0,
3857289,Érick Gabriel Gutiérrez Galaviz,,,,,0,0,0,0,0,0,0,0,0,
3857289,Enzo Fernandez,,,,,0,0,0,0,0,0,0,0,0,
3857289,Nahuel Molina Lucero,,,,,0,0,0,0,0,0,0,0,0,
3857289,Raúl Alonso Jiménez Rodríguez,,,,,0,0,0,0,0,0,0,0,0,
3857289,Carlos Uriel Antuna Romero,,,,,0,0,0,0,0,0,0,0,0,
3857289,Exequiel Alejandro Palacios,,,,,0,0,0,0,0,0,0,0,0,
3857289,Julián Álvarez,,,,,0,0,0,0,0,0,0,0,0,
3857289,Cristian Gabriel Romero,,,,,0,0,0,0,0,0,0,0,0,
3857289,Roberto Carlos Alvarado Hernández,,,,,0,0,0,0,0,0,0,0,0,
3857290,Xherdan Shaqiri,,,,,0,0,0,0,1,0,0,0,1,
3857290,Manuel Obafemi Akanji,,,,,0,0,0,0,0,0,0,0,0,
3857290,Ngoran Suiru Fai Collins,,,,,0,0,0,0,0,0,0,0,0,
3857290,Bryan Mbeumo,,,,,0,0,0,0,0,0,0,0,0,
3857290,Granit Xhaka,,,,,0,0,0,0,0,0,0,0,0,
3857290,Nico Elvedi,,,,,0,0,0,0,0,0,0,0,0,
3857290,Nicolas Alexis Julio N'Koulou Ndoubena,,,,,0,0,0,0,0,0,0,0,0,
3857290,Samuel Yves Oum Gwet,,,,,0,0,0,0,0,0,0,0,0,
3857290,Djibril Sow,,,,,0,0,0,0,0,0,0,0,0,
3857290,Martin Hongla Yma II,,,,,0,0,0,0,0,0,0,0,0,
3857290,Ricardo Iván Rodríguez Araya,,,,,0,0,0,0,0,0,0,0,0,
3857290,Remo Freuler,,,,,0,0,0,0,0,0,0,0,0,
3857290,Silvan Widmer,,,,,0,0,0,0,0,0,0,0,0,
3857290,André-Frank Zambo Anguissa,,,,,0,0,0,0,0,0,0,0,0,
3857290,André Onana,,,,,0,0,0,0,0,0,0,0,0,
3857290,Ruben Vargas,,,,,0,0,0,0,0,0,0,0,0,
3857290,Breel-Donald Embolo,,,,,0,0,0,0,0,0,0,0,0,
3857290,Nouhou Tolo,,,,,0,0,0,0,0,0,0,0,0,
3857290,Karl Brillant Toko Ekambi,,,,,0,0,0,0,0,0,0,0,0,
3857290,Jean-Charles Castelletto,,,,,0,0,0,0,0,0,0,0,0,
3857290,Yann Sommer,,,,,0,0,0,0,0,0,0,0,0,
3857290,Jean-Eric Maxim Choupo-Moting,,,,,0,0,0,0,0,0,0,0,0,
3857290,Gaël Ondoua,,,,,0,0,0,0,0,0,0,0,0,
3857290,Georges-Kévin Nkoudou Mbida,,,,,0,0,0,0,0,0,0,0,0,
3857290,Vincent Paté Aboubakar,,,,,0,0,0,0,0,0,0,0,0,
3857290,Fabian Frei,,,,,0,0,0,0,0,0,0,0,0,
3857290,Haris Seferović,,,,,0,0,0,0,0,0,0,0,0,
3857290,Fabian Rieder,,,,,0,0,0,0,0,0,0,0,0,
3857290,Noah Okafor,,,,,0,0,0,0,0,0,0,0,0,
3857290,Nicolas Moumi Ngamaleu,,,,,0,0,0,0,0,0,0,0,0,
3857290,Eray Ervin Cömert,,,,,0,0,0,0,0,0,0,0,0,
3857291,Pablo Martín Páez Gavira,,,,,0,0,0,0,0,0,0,0,0,
3857291,Aymeric Laporte,,,,,0,0,0,0,0,0,0,0,0,
3857291,Francisco Javier Calvo Quesada,,,,,0,0,0,0,0,0,0,0,0,
3857291,César Azpilicueta Tanco,,,,,0,0,0,0,0,0,0,0,0,
3857291,Rodrigo Hernández Cascante,,,,,0,0,0,0,0,0,0,0,0,
3857291,Jordi Alba Ramos,,,,,0,0,0,0,1,0,0,0,1,
3857291,Daniel Olmo Carvajal,,,,,0,0,0,0,1,0,0,0,1,
3857291,Bryan Oviedo,,,,,0,0,0,0,0,0,0,0,0,
3857291,Sergio Busquets i Burgos,,,,,0,0,0,0,0,0,0,0,0,
3857291,Pedro González López,,,,,0,0,0,0,0,0,0,0,0,
3857291,Unai Simón Mendibil,,,,,0,0,0,0,0,0,0,0,0,
3857291,Celso Borges Mora,,,,,0,0,0,0,0,0,0,0,0,
3857291,Jewison Bennette,,,,,0,0,0,0,0,0,0,0,0,
3857291,Yeltsin Ignacio Tejeda Valverde,,,,,0,0,0,0,0,0,0,0,0,
3857291,Ferrán Torres García,,,,,0,0,0,0,0,0,0,0,0,
3857291,Marco Asensio Willemsen,,,,,0,0,0,0,0,0,0,0,0,
3857291,Carlos Manuel Martínez Castro,,,,,0,0,0,0,0,0,0,0,0,
3857291,Óscar Esau Duarte Gaitán,,,,,0,0,0,0,0,0,0,0,0,
3857291,Keylor Navas Gamboa,,,,,0,0,0,0,0,0,0,0,0,
3857291,Anthony Daniel Contreras Enríquez,,,,,0,0,0,0,0,0,0,0,0,
3857291,Joel Nathaniel Campbell Samuels,,,,,0,0,0,0,0,0,0,0,0,
3857291,Keysher Fuller Spence,,,,,0,0,0,0,0,0,0,0,0,
3857291,Kendall Jamaal Waston Manley,,,,,0,0,0,0,0,0,0,0,0,
3857291,Carlos Soler Barragán,,,,,0,0,0,0,0,0,0,0,0,
3857291,Álvaro Borja Morata Martín,,,,,0,0,0,0,1,0,0,0,1,
3857291,Bryan Ruiz González,,,,,0,0,0,0,0,0,0,0,0,
3857291,Alvaro José Zamora Mata,,,,,0,0,0,0,0,0,0,0,0,
3857291,Alejandro Balde Martínez,,,,,0,0,0,0,0,0,0,0,0,
3857291,Jorge Resurrección Merodio,,,,,0,0,0,0,0,0,0,0,0,
3857291,Brandon Aguilera Zamora,,,,,0,0,0,0,0,0,0,0,0,
3857291,Nicholas Williams Arthuer,,,,,0,0,0,0,0,0,0,0,0,
3857291,Ronald Alberto Matarrita Ulate,,,,,0,0,0,0,0,0,0,0,0,
3857292,Thomas Müller,,,,,0,0,0,0,0,0,0,0,0,
3857292,Antonio Rüdiger,,,,,0,0,0,0,0,0,0,0,0,
3857292,Joshua Kimmich,,,,,0,0,0,0,0,0,0,0,0,
3857292,Brandon Aguilera Zamora,,,,,0,0,0,0,0,0,0,0,0,
3857292,Jamal Musiala,,,,,0,0,0,0,0,0,0,0,0,
3857292,Keylor Navas Gamboa,,,,,0,0,0,0,0,0,0,0,0,
3857292,Celso Borges Mora,,,,,0,0,0,0,0,0,0,0,0,
3857292,İlkay Gündoğan,,,,,0,0,0,0,0,0,0,0,0,
3857292,Manuel Neuer,,,,,0,0,0,0,0,0,0,0,0,
3857292,Niklas Süle,,,,,0,0,0,0,0,0,0,0,0,
3857292,David Raum,,,,,0,0,0,0,1,0,0,0,1,
3857292,Keysher Fuller Spence,,,,,0,0,0,0,0,0,0,0,0,
3857292,Joel Nathaniel Campbell Samuels,,,,,0,0,0,0,0,0,0,0,0,
3857292,Serge Gnabry,,,,,0,0,0,0,1,0,0,0,1,
3857292,Juan Pablo Vargas Campos,,,,,0,0,0,0,0,0,0,0,0,
3857292,Leon Goretzka,,,,,0,0,0,0,0,0,0,0,0,
3857292,Leroy Sané,,,,,0,0,0,0,1,0,0,0,1,
3857292,Óscar Esau Duarte Gaitán,,,,,0,0,0,0,0,0,0,0,0,
3857292,Kendall Jamaal Waston Manley,,,,,0,0,0,0,0,0,0,0,0,
3857292,Johan Alberto Venegas Ulloa,,,,,0,0,0,0,0,0,0,0,0,
3857292,Yeltsin Ignacio Tejeda Valverde,,,,,0,0,0,0,0,0,0,0,0,
3857292,Bryan Oviedo,,,,,0,0,0,0,0,0,0,0,0,
3857292,Lukas Klostermann,,,,,0,0,0,0,0,0,0,0,0,
3857292,Youstin Delfin Salas Gómez,,,,,0,0,0,0,0,0,0,0,0,
3857292,Niclas Füllkrug,,,,,0,0,0,0,1,0,0,0,1,
3857292,Mario Götze,,,,,0,0,0,0,0,0,0,0,0,
3857292,Ronald Alberto Matarrita Ulate,,,,,0,0,0,0,0,0,0,0,0,
3857292,Kai Havertz,,,,,0,0,0,0,0,0,0,0,0,
3857292,Jewison Bennette,,,,,0,0,0,0,0,0,0,0,0,
3857292,Roan Roberto Wilson Gordon,,,,,0,0,0,0,0,0,0,0,0,
3857292,Anthony Daniel Contreras Enríquez,,,,,0,0,0,0,0,0,0,0,0,
3857292,Matthias Ginter,,,,,0,0,0,0,0,0,0,0,0,
3857293,Luis Alberto Suárez Díaz,,,,,0,0,0,0,1,0,0,0,1,
3857293,Federico Santiago Valverde Dipetta,,,,,0,0,0,0,0,0,0,0,0,
3857293,Mathías Olivera Miramontes,,,,,0,0,0,0,0,0,0,0,0,
3857293,Giorgian Daniel De Arrascaeta Benedetti,,,,,0,0,0,0,0,0,0,0,0,
3857293,André Ayew Pelé,,,,,0,0,0,0,0,0,0,0,0,
3857293,Iñaki Williams Arthuer,,,,,0,0,0,0,0,0,0,0,0,
3857293,Thomas Teye Partey,,,,,0,0,0,0,0,0,0,0,0,
3857293,Alidu Seidu,,,,,0,0,0,0,0,0,0,0,0,
3857293,Daniel Amartey,,,,,0,0,0,0,0,0,0,0,0,
3857293,Mohamed Salisu,,,,,0,0,0,0,0,0,0,0,0,
3857293,Jordan Ayew,,,,,0,0,0,0,0,0,0,0,0,
3857293,Abdul Rahman Baba,,,,,0,0,0,0,0,0,0,0,0,
3857293,Salis Abdul Samed,,,,,0,0,0,0,0,0,0,0,0,
3857293,José María Giménez de Vargas,,,,,0,0,0,0,0,0,0,0,0,
3857293,Guillermo Varela Olivera,,,,,0,0,0,0,0,0,0,0,0,
3857293,Facundo Pellistri Rebollo,,,,,0,0,0,0,0,0,0,0,0,
3857293,Lawrence Ati-Zigi,,,,,0,0,0,0,0,0,0,0,0,
3857293,Sergio Rochet Álvarez,,,,,0,0,0,0,0,0,0,0,0,
3857293,Sebastián Coates Nión,,,,,0,0,0,0,0,0,0,0,0,
3857293,Mohammed Kudus,,,,,0,0,0,0,0,0,0,0,0,
3857293,Rodrigo Bentancur Colmán,,,,,0,0,0,0,0,0,0,0,0,
3857293,Darwin Gabriel Núñez Ribeiro,,,,,0,0,0,0,0,0,0,0,0,
3857293,Matías Vecino Falero,,,,,0,0,0,0,0,0,0,0,0,
3857293,Osman Bukari,,,,,0,0,0,0,0,0,0,0,0,
3857293,Kamaldeen Sulemana,,,,,0,0,0,0,0,0,0,0,0,
3857293,Edinson Roberto Cavani Gómez,,,,,0,0,0,0,0,0,0,0,0,
3857293,Diego Nicolás De La Cruz Arcosa,,,,,0,0,0,0,0,0,0,0,0,
3857293,Daniel-Kofi Kyereh,,,,,0,0,0,0,0,0,0,0,0,
3857293,Antoine Semenyo,,,,,0,0,0,0,0,0,0,0,0,
3857293,Agustín Canobbio Graviz,,,,,0,0,0,0,0,0,0,0,0,
3857293,Maximiliano Gómez González,,,,,0,0,0,0,0,0,0,0,0,
3857294,Memphis Depay,,,,,0,0,0,0,0,0,0,0,0,
3857294,Frenkie de Jong,,,,,0,0,0,0,0,0,0,0,0,
3857294,Marten de Roon,,,,,0,0,0,0,0,0,0,0,0,
3857294,Nathan Aké,,,,,0,0,0,0,0,0,0,0,0,
3857294,Daley Blind,,,,,0,0,0,0,0,0,0,0,0,
3857294,Virgil van Dijk,,,,,0,0,0,0,0,0,0,0,0,
3857294,Jurriën David Norman Timber,,,,,0,0,0,0,0,0,0,0,0,
3857294,Meshaal Aissa Barsham,,,,,0,0,0,0,0,0,0,0,0,
3857294,Boualem Khoukhi,,,,,0,0,0,0,0,0,0,0,0,
3857294,Pedro Miguel Correia,,,,,0,0,0,0,0,0,0,0,0,
3857294,Davy Klaassen,,,,,0,0,0,0,1,0,0,0,1,
3857294,Cody Mathès Gakpo,,,,,0,0,0,0,0,0,0,0,0,
3857294,Denzel Dumfries,,,,,0,0,0,0,0,0,0,0,0,
3857294,Abdelkarim Hassan Al Haj Fadlalla,,,,,0,0,0,0,0,0,0,0,0,
3857294,Andries Noppert,,,,,0,0,0,0,0,0,0,0,0,
3857294,Ismaeel Mohammad Mohammad,,,,,0,0,0,0,0,0,0,0,0,
3857294,Assim Omer Al Haj Madibo,,,,,0,0,0,0,0,0,0,0,0,
3857294,Akram Hassan Afif,,,,,0,0,0,0,0,0,0,0,0,
3857294,Hassan Khalid Al Heidos,,,,,0,0,0,0,0,0,0,0,0,
3857294,Homam Alamin Ahmed,,,,,0,0,0,0,0,0,0,0,0,
3857294,Abdulaziz Hatem Mohammed Abdullah,,,,,0,0,0,0,0,0,0,0,0,
3857294,Almoez Ali Zainalabiddin Abdulla,,,,,0,0,0,0,0,0,0,0,0,
3857294,Karim Boudiaf,,,,,0,0,0,0,0,0,0,0,0,
3857294,Mohammed Muntari,,,,,0,0,0,0,0,0,0,0,0,
3857294,Ali Assadalla Thaimn Qambar,,,,,0,0,0,0,0,0,0,0,0,
3857294,Steven Berghuis,,,,,0,0,0,0,0,0,0,0,0,
3857294,Vincent Janssen,,,,,0,0,0,0,0,0,0,0,0,
3857294,Teun Koopmeiners,,,,,0,0,0,0,0,0,0,0,0,
3857294,Mosaab Khoder Jibril,,,,,0,0,0,0,0,0,0,0,0,
3857294,Kenneth Taylor,,,,,0,0,0,0,0,0,0,0,0,
3857294,Ahmed Alaa Eldin Abdelmotaal,,,,,0,0,0,0,0,0,0,0,0,
3857294,Wout Weghorst,,,,,0,0,0,0,0,0,0,0,0,
3857295,Joel Nathaniel Campbell Samuels,,,,,0,0,0,0,0,0,0,0,0,
3857295,Francisco Javier Calvo Quesada,,,,,0,0,0,0,0,0,0,0,0,
3857295,Wataru Endo,,,,,0,0,0,0,0,0,0,0,0,
3857295,Yeltsin Ignacio Tejeda Valverde,,,,,0,0,0,0,1,0,0,0,1,
3857295,Hidemasa Morita,,,,,0,0,0,0,0,0,0,0,0,
3857295,Ayase Ueda,,,,,0,0,0,0,0,0,0,0,0,
3857295,Yuki Soma,,,,,0,0,0,0,0,0,0,0,0,
3857295,Yuto Nagatomo,,,,,0,0,0,0,0,0,0,0,0,
3857295,Daichi Kamada,,,,,0,0,0,0,0,0,0,0,0,
3857295,Óscar Esau Duarte Gaitán,,,,,0,0,0,0,0,0,0,0,0,
3857295,Kendall Jamaal Waston Manley,,,,,0,0,0,0,0,0,0,0,0,
3857295,Keylor Navas Gamboa,,,,,0,0,0,0,0,0,0,0,0,
3857295,Bryan Oviedo,,,,,0,0,0,0,0,0,0,0,0,
3857295,Ko Itakura,,,,,0,0,0,0,0,0,0,0,0,
3857295,Celso Borges Mora,,,,,0,0,0,0,0,0,0,0,0,
3857295,Shūichi Gonda,,,,,0,0,0,0,0,0,0,0,0,
3857295,Maya Yoshida,,,,,0,0,0,0,0,0,0,0,0,
3857295,Miki Yamane,,,,,0,0,0,0,0,0,0,0,0,
3857295,Anthony Daniel Contreras Enríquez,,,,,0,0,0,0,0,0,0,0,0,
3857295,Gerson Torres Barrantes,,,,,0,0,0,0,0,0,0,0,0,
3857295,Keysher Fuller Spence,,,,,0,0,0,0,0,0,0,0,0,
3857295,Ritsu Doan,,,,,0,0,0,0,0,0,0,0,0,
3857295,Hiroki Ito,,,,,0,0,0,0,0,0,0,0,0,
3857295,Takuma Asano,,,,,0,0,0,0,0,0,0,0,0,
3857295,Kaoru Mitoma,,,,,0,0,0,0,0,0,0,0,0,
3857295,Brandon Aguilera Zamora,,,,,0,0,0,0,0,0,0,0,0,
3857295,Junya Ito,,,,,0,0,0,0,0,0,0,0,0,
3857295,Jewison Bennette,,,,,0,0,0,0,0,0,0,0,0,
3857295,Takumi Minamino,,,,,0,0,0,0,0,0,0,0,0,
3857295,Daniel Alonso Chacón Salas,,,,,0,0,0,0,0,0,0,0,0,
3857296,Mateo Kovačić,,,,,0,0,0,0,0,0,0,0,0,
3857296,Marcelo Brozović,,,,,0,0,0,0,0,0,0,0,0,
3857296,Luka Modrić,,,,,0,0,0,0,0,0,0,0,0,
3857296,Thibaut Courtois,,,,,0,0,0,0,0,0,0,0,0,
3857296,Josip Juranović,,,,,0,0,0,0,0,0,0,0,0,
3857296,Dejan Lovren,,,,,0,0,0,0,0,0,0,0,0,
3857296,Dominik Livaković,,,,,0,0,0,0,0,0,0,0,0,
3857296,Borna Sosa,,,,,0,0,0,0,0,0,0,0,0,
3857296,Ivan Perišić,,,,,0,0,0,0,0,0,0,0,0,
3857296,Marko Livaja,,,,,0,0,0,0,0,0,0,0,0,
3857296,Andrej Kramarić,,,,,0,0,0,0,0,0,0,0,0,
3857296,Yannick Ferreira Carrasco,,,,,0,0,0,0,0,0,0,0,0,
3857296,Dries Mertens,,,,,0,0,0,0,0,0,0,0,0,
3857296,Timothy Castagne,,,,,0,0,0,0,0,0,0,0,0,
3857296,Axel Witsel,,,,,0,0,0,0,0,0,0,0,0,
3857296,Leandro Trossard,,,,,0,0,0,0,0,0,0,0,0,
3857296,Thomas Meunier,,,,,0,0,0,0,0,0,0,0,0,
3857296,Kevin De Bruyne,,,,,0,0,0,0,0,0,0,0,0,
3857296,Toby Alderweireld,,,,,0,0,0,0,0,0,0,0,0,
3857296,Jan Vertonghen,,,,,0,0,0,0,0,0,0,0,0,
3857296,Leander Dendoncker,,,,,0,0,0,0,0,0,0,0,0,
3857296,Joško Gvardiol,,,,,0,0,0,0,0,0,0,0,0,
3857296,Romelu Lukaku Menama,,,,,0,0,0,0,0,0,0,0,0,
3857296,Thorgan Hazard,,,,,0,0,0,0,0,0,0,0,0,
3857296,Bruno Petković,,,,,0,0,0,0,0,0,0,0,0,
3857296,Mario Pašalić,,,,,0,0,0,0,0,0,0,0,0,
3857296,Youri Tielemans,,,,,0,0,0,0,0,0,0,0,0,
3857296,Jeremy Doku,,,,,0,0,0,0,0,0,0,0,0,
3857296,Eden Hazard,,,,,0,0,0,0,0,0,0,0,0,
3857296,Lovro Majer,,,,,0,0,0,0,0,0,0,0,0,
3857297,Piotr Zieliński,,,,,0,0,0,0,0,0,0,0,0,
3857297,Jakub Piotr Kiwior,,,,,0,0,0,0,0,0,0,0,0,
3857297,Mohammed Al Burayk,,,,,0,0,0,0,0,0,0,0,0,
3857297,Ali Albulayhi,,,,,0,0,0,0,0,0,0,0,0,
3857297,Salem Mohammed Al Dawsari,,,,,0,0,0,0,0,0,0,0,0,
3857297,Mohammed Kanoo,,,,,0,0,0,0,0,0,0,0,0,
3857297,Przemysław Frankowski,,,,,0,0,0,0,0,0,0,0,0,
3857297,Abdulelah Al Amri,,,,,0,0,0,0,0,0,0,0,0,
3857297,Saud Abdullah Abdul Hamid,,,,,0,0,0,0,0,0,0,0,0,
3857297,Mohammed Khalil Al Owais,,,,,0,0,0,0,0,0,0,0,0,
3857297,Abdulelah Saad Hameed Al-Malki,,,,,0,0,0,0,0,0,0,0,0,
3857297,Krystian Bielik,,,,,0,0,0,0,0,0,0,0,0,
3857297,Wojciech Szczęsny,,,,,0,0,0,0,0,0,0,0,0,
3857297,Matty Cash,,,,,0,0,0,0,0,0,0,0,0,
3857297,Robert Lewandowski,,,,,0,0,0,0,1,0,0,0,1,
3857297,Bartosz Bereszyński,,,,,0,0,0,0,0,0,0,0,0,
3857297,Saleh Khalid Al Shehri,,,,,0,0,0,0,0,0,0,0,0,
3857297,Kamil Glik,,,,,0,0,0,0,0,0,0,0,0,
3857297,Sami Khalil Al Naji,,,,,0,0,0,0,0,0,0,0,0,
3857297,Arkadiusz Milik,,,,,0,0,0,0,0,0,0,0,0,
3857297,Firas Tariq Nasser Al Albirakan,,,,,0,0,0,0,0,0,0,0,0,
3857297,Grzegorz Krychowiak,,,,,0,0,0,0,0,0,0,0,0,
3857297,Nawaf Shaker Al Abid,,,,,0,0,0,0,0,0,0,0,0,
3857297,Jakub Kamiński,,,,,0,0,0,0,0,0,0,0,0,
3857297,Sultan Abdullah Salim Al Ghannam,,,,,0,0,0,0,0,0,0,0,0,
3857297,Krzysztof Piątek,,,,,0,0,0,0,0,0,0,0,0,
3857297,Abdulrahman Al-Obood,,,,,0,0,0,0,0,0,0,0,0,
3857297,Nasser Al Dawsari,,,,,0,0,0,0,0,0,0,0,0,
3857297,Hattan Babhir,,,,,0,0,0,0,0,0,0,0,0,
3857298,Cristiano Ronaldo dos Santos Aveiro,,,,,0,0,0,0,0,0,0,0,0,
3857298,Bernardo Mota Veiga de Carvalho e Silva,,,,,0,0,0,0,0,0,0,0,0,
3857298,Rúben Diogo Da Silva Neves,,,,,0,0,0,0,0,0,0,0,0,
3857298,Rúben Santos Gato Alves Dias,,,,,0,0,0,0,0,0,0,0,0,
3857298,João Pedro Cavaco Cancelo,,,,,0,0,0,0,0,0,0,0,0,
3857298,Danilo Luís Hélio Pereira,,,,,0,0,0,0,0,0,0,0,0,
3857298,Raphaël Adelino José Guerreiro,,,,,0,0,0,0,0,0,0,0,0,
3857298,João Félix Sequeira,,,,,0,0,0,0,0,0,0,0,0,
3857298,Diogo Meireles Costa,,,,,0,0,0,0,0,0,0,0,0,
3857298,Otávio Edmilson da Silva Monteiro,,,,,0,0,0,0,0,0,0,0,0,
3857298,Mohamed Salisu,,,,,0,0,0,0,0,0,0,0,0,
3857298,Abdul Rahman Baba,,,,,0,0,0,0,0,0,0,0,0,
3857298,Alexander Djiku,,,,,0,0,0,0,0,0,0,0,0,
3857298,Lawrence Ati-Zigi,,,,,0,0,0,0,0,0,0,0,0,
3857298,Daniel Amartey,,,,,0,0,0,0,0,0,0,0,0,
3857298,André Ayew Pelé,,,,,0,0,0,0,0,0,0,0,0,
3857298,Alidu Seidu,,,,,0,0,0,0,0,0,0,0,0,
3857298,Thomas Teye Partey,,,,,0,0,0,0,0,0,0,0,0,
3857298,Bruno Miguel Borges Fernandes,,,,,0,0,0,0,2,0,0,0,2,
3857298,Iñaki Williams Arthuer,,,,,0,0,0,0,0,0,0,0,0,
3857298,Salis Abdul Samed,,,,,0,0,0,0,0,0,0,0,0,
3857298,Mohammed Kudus,,,,,0,0,0,0,0,0,0,0,0,
3857298,William Silva de Carvalho,,,,,0,0,0,0,0,0,0,0,0,
3857298,Tariq Lamptey,,,,,0,0,0,0,0,0,0,0,0,
3857298,Jordan Ayew,,,,,0,0,0,0,0,0,0,0,0,
3857298,Osman Bukari,,,,,0,0,0,0,0,0,0,0,0,
3857298,Rafael Alexandre Conceição Leão,,,,,0,0,0,0,0,0,0,0,0,
3857298,João Maria Lobo Alves Palhinha Gonçalves,,,,,0,0,0,0,0,0,0,0,0,
3857298,Gonçalo Matias Ramos,,,,,0,0,0,0,0,0,0,0,0,
3857298,João Mário Naval da Costa Eduardo,,,,,0,0,0,0,0,0,0,0,0,
3857298,Daniel-Kofi Kyereh,,,,,0,0,0,0,0,0,0,0,0,
3857299,Woo-Yeong Jeong,,,,,0,0,0,0,0,0,0,0,0,
3857299,Woo-Young Jung,,,,,0,0,0,0,0,0,0,0,0,
3857299,Moon-Hwan Kim,,,,,0,0,0,0,0,0,0,0,0,
3857299,Young-Gwon Kim,,,,,0,0,0,0,0,0,0,0,0,
3857299,Jin-Su Kim,,,,,0,0,0,0,1,0,0,0,1,
3857299,Lawrence Ati-Zigi,,,,,0,0,0,0,0,0,0,0,0,
3857299,Salis Abdul Samed,,,,,0,0,0,0,0,0,0,0,0,
3857299,Daniel Amartey,,,,,0,0,0,0,0,0,0,0,0,
3857299,Thomas Teye Partey,,,,,0,0,0,0,0,0,0,0,0,
3857299,André Ayew Pelé,,,,,0,0,0,0,0,0,0,0,0,
3857299,Gideon Mensah,,,,,0,0,0,0,0,0,0,0,0,
3857299,Mohamed Salisu,,,,,0,0,0,0,0,0,0,0,0,
3857299,Min Jae Kim,,,,,0,0,0,0,0,0,0,0,0,
3857299,Seung-Gyu Kim,,,,,0,0,0,0,0,0,0,0,0,
3857299,Tariq Lamptey,,,,,0,0,0,0,0,0,0,0,0,
3857299,Mohammed Kudus,,,,,0,0,0,0,0,0,0,0,0,
3857299,Chang-Hoon Kwon,,,,,0,0,0,0,0,0,0,0,0,
3857299,Heung-Min Son,,,,,0,0,0,0,0,0,0,0,0,
3857299,In-Beom Hwang,,,,,0,0,0,0,0,0,0,0,0,
3857299,Jordan Ayew,,,,,0,0,0,0,1,0,0,0,1,
3857299,Gue-Sung Cho,,,,,0,0,0,0,0,0,0,0,0,
3857299,Iñaki Williams Arthuer,,,,,0,0,0,0,0,0,0,0,0,
3857299,Sang-Ho Na,,,,,0,0,0,0,0,0,0,0,0,
3857299,Kang-In Lee,,,,,0,0,0,0,1,0,0,0,1,
3857299,Denis Odoi,,,,,0,0,0,0,0,0,0,0,0,
3857299,Daniel-Kofi Kyereh,,,,,0,0,0,0,0,0,0,0,0,
3857299,Kamaldeen Sulemana,,,,,0,0,0,0,0,0,0,0,0,
3857299,Ui-Jo Hwang,,,,,0,0,0,0,0,0,0,0,0,
3857299,Alexander Djiku,,,,,0,0,0,0,0,0,0,0,0,
3857299,Kyung-Won Kwon,,,,,0,0,0,0,0,0,0,0,0,
3857300,Saleh Khalid Al Shehri,,,,,0,0,0,0,0,0,0,0,0,
3857300,Mohammed Kanoo,,,,,0,0,0,0,0,0,0,0,0,
3857300,Hassan Mohammed Al-Tambakti,,,,,0,0,0,0,0,0,0,0,0,
3857300,Nicolás Alejandro Tagliafico,,,,,0,0,0,0,0,0,0,0,0,
3857300,Lautaro Javier Martínez,,,,,0,0,0,0,0,0,0,0,0,
3857300,Leandro Daniel Paredes,,,,,0,0,0,0,0,0,0,0,0,
3857300,Nicolás Hernán Otamendi,,,,,0,0,0,0,0,0,0,0,0,
3857300,Cristian Gabriel Romero,,,,,0,0,0,0,0,0,0,0,0,
3857300,Rodrigo Javier De Paul,,,,,0,0,0,0,0,0,0,0,0,
3857300,Nahuel Molina Lucero,,,,,0,0,0,0,0,0,0,0,0,
3857300,Damián Emiliano Martínez,,,,,0,0,0,0,0,0,0,0,0,
3857300,Ángel Fabián Di María Hernández,,,,,0,0,0,0,0,0,0,0,0,
3857300,Mohammed Khalil Al Owais,,,,,0,0,0,0,0,0,0,0,0,
3857300,Abdulelah Saad Hameed Al-Malki,,,,,0,0,0,0,0,0,0,0,0,
3857300,Salman Mohammed Al Faraj,,,,,0,0,0,0,0,0,0,0,0,
3857300,Ali Albulayhi,,,,,0,0,0,0,0,0,0,0,0,
3857300,Yasir Gharsan Al Shahrani,,,,,0,0,0,0,0,0,0,0,0,
3857300,Lionel Andrés Messi Cuccittini,,,,,0,0,0,0,0,0,0,0,0,
3857300,Salem Mohammed Al Dawsari,,,,,0,0,0,0,0,0,0,0,0,
3857300,Saud Abdullah Abdul Hamid,,,,,0,0,0,0,0,0,0,0,0,
3857300,Alejandro Darío Gómez,,,,,0,0,0,0,0,0,0,0,0,
3857300,Firas Tariq Nasser Al Albirakan,,,,,0,0,0,0,1,0,0,0,1,
3857300,Nawaf Shaker Al Abid,,,,,0,0,0,0,0,0,0,0,0,
3857300,Lisandro Martínez,,,,,0,0,0,0,0,0,0,0,0,
3857300,Enzo Fernandez,,,,,0,0,0,0,0,0,0,0,0,
3857300,Julián Álvarez,,,,,0,0,0,0,0,0,0,0,0,
3857300,Marcos Javier Acuña,,,,,0,0,0,0,0,0,0,0,0,
3857300,Sultan Abdullah Salim Al Ghannam,,,,,0,0,0,0,0,0,0,0,0,
3857300,Haitham Mohammed Asiri,,,,,0,0,0,0,0,0,0,0,0,
3857300,Mohammed Al Burayk,,,,,0,0,0,0,0,0,0,0,0,
3857300,Abdulelah Al Amri,,,,,0,0,0,0,0,0,0,0,0,
3857301,Akram Hassan Afif,,,,,0,0,0,0,0,0,0,0,0,
3857301,Boualem Khoukhi,,,,,0,0,0,0,0,0,0,0,0,
3857301,Youssouf Sabaly,,,,,0,0,0,0,0,0,0,0,0,
3857301,Abdelkarim Hassan Al Haj Fadlalla,,,,,0,0,0,0,0,0,0,0,0,
3857301,Homam Alamin Ahmed,,,,,0,0,0,0,0,0,0,0,0,
3857301,Karim Boudiaf,,,,,0,0,0,0,0,0,0,0,0,
3857301,Ismaeel Mohammad Mohammad,,,,,0,0,0,0,1,0,0,0,1,
3857301,Pedro Miguel Correia,,,,,0,0,0,0,0,0,0,0,0,
3857301,Meshaal Aissa Barsham,,,,,0,0,0,0,0,0,0,0,0,
3857301,Kalidou Koulibaly,,,,,0,0,0,0,0,0,0,0,0,
3857301,Nampalys Mendy,,,,,0,0,0,0,0,0,0,0,0,
3857301,Abdou Diallo,,,,,0,0,0,0,0,0,0,0,0,
3857301,Ismail Jakobs,,,,,0,0,0,0,1,0,0,0,1,
3857301,Edouard Mendy,,,,,0,0,0,0,0,0,0,0,0,
3857301,Hassan Khalid Al Heidos,,,,,0,0,0,0,0,0,0,0,0,
3857301,Idrissa Gana Gueye,,,,,0,0,0,0,0,0,0,0,0,
3857301,Krépin Diatta,,,,,0,0,0,0,0,0,0,0,0,
3857301,Famara Diedhiou,,,,,0,0,0,0,0,0,0,0,0,
3857301,Almoez Ali Zainalabiddin Abdulla,,,,,0,0,0,0,0,0,0,0,0,
3857301,Assim Omer Al Haj Madibo,,,,,0,0,0,0,0,0,0,0,0,
3857301,Boulaye Dia,,,,,0,0,0,0,0,0,0,0,0,
3857301,Ismaïla Sarr,,,,,0,0,0,0,0,0,0,0,0,
3857301,Pathé Ismaël Ciss,,,,,0,0,0,0,0,0,0,0,0,
3857301,Abdulaziz Hatem Mohammed Abdullah,,,,,0,0,0,0,0,0,0,0,0,
3857301,Iliman Ndiaye,,,,,0,0,0,0,1,0,0,0,1,
3857301,Mohammed Muntari,,,,,0,0,0,0,0,0,0,0,0,
3857301,Pape Matar Sarr,,,,,0,0,0,0,0,0,0,0,0,
3857301,Pape Abou Cissé,,,,,0,0,0,0,0,0,0,0,0,
3857301,Tarek Salman Salman,,,,,0,0,0,0,0,0,0,0,0,
3857301,Mohammed Waed Abdulwahhab Al Bayati,,,,,0,0,0,0,0,0,0,0,0,
3857301,Cheikh Ahmadou Bamba Mbacke Dieng,,,,,0,0,0,0,0,0,0,0,0,
3869117,Memphis Depay,,,,,0,0,0,0,0,0,0,0,0,
3869117,Frenkie de Jong,,,,,0,0,0,0,0,0,0,0,0,
3869117,Marten de Roon,,,,,0,0,0,0,0,0,0,0,0,
3869117,Jurriën David Norman Timber,,,,,0,0,0,0,0,0,0,0,0,
3869117,Andries Noppert,,,,,0,0,0,0,0,0,0,0,0,
3869117,Sergino Dest,,,,,0,0,0,0,0,0,0,0,0,
3869117,Walker Zimmerman,,,,,0,0,0,0,0,0,0,0,0,
3869117,Tim Ream,,,,,0,0,0,0,0,0,0,0,0,
3869117,Timothy Weah,,,,,0,0,0,0,0,0,0,0,0,
3869117,Tyler Adams,,,,,0,0,0,0,0,0,0,0,0,
3869117,Antonee Robinson,,,,,0,0,0,0,0,0,0,0,0,
3869117,Christian Pulisic,,,,,0,0,0,0,1,0,0,0,1,
3869117,Weston McKennie,,,,,0,0,0,0,0,0,0,0,0,
3869117,Yunus Dimoara Musah,,,,,0,0,0,0,0,0,0,0,0,
3869117,Jesus Ferreira,,,,,0,0,0,0,0,0,0,0,0,
3869117,Nathan Aké,,,,,0,0,0,0,0,0,0,0,0,
3869117,Daley Blind,,,,,0,0,0,0,1,0,0,0,1,
3869117,Virgil van Dijk,,,,,0,0,0,0,0,0,0,0,0,
3869117,Denzel Dumfries,,,,,0,0,0,0,2,0,0,0,2,
3869117,Matthew Charles Turner,,,,,0,0,0,0,0,0,0,0,0,
3869117,Davy Klaassen,,,,,0,0,0,0,0,0,0,0,0,
3869117,Cody Mathès Gakpo,,,,,0,0,0,0,0,0,0,0,0,
3869117,Giovanni Reyna,,,,,0,0,0,0,0,0,0,0,0,
3869117,Steven Bergwijn,,,,,0,0,0,0,0,0,0,0,0,
3869117,Teun Koopmeiners,,,,,0,0,0,0,0,0,0,0,0,
3869117,Haji Wright,,,,,0,0,0,0,0,0,0,0,0,
3869117,Brenden Aaronson,,,,,0,0,0,0,0,0,0,0,0,
3869117,DeAndre Yedlin,,,,,0,0,0,0,0,0,0,0,0,
3869117,Xavi Simons,,,,,0,0,0,0,0,0,0,0,0,
3869117,Jordan Morris,,,,,0,0,0,0,0,0,0,0,0,
3869117,Wout Weghorst,,,,,0,0,0,0,0,0,0,0,0,
3869118,Iliman Ndiaye,,,,,0,0,0,0,0,0,0,0,0,
3869118,Kalidou Koulibaly,,,,,0,0,0,0,0,0,0,0,0,
3869118,Pathé Ismaël Ciss,,,,,0,0,0,0,0,0,0,0,0,
3869118,Abdou Diallo,,,,,0,0,0,0,0,0,0,0,0,
3869118,Nampalys Mendy,,,,,0,0,0,0,0,0,0,0,0,
3869118,Youssouf Sabaly,,,,,0,0,0,0,0,0,0,0,0,
3869118,Krépin Diatta,,,,,0,0,0,0,0,0,0,0,0,
3869118,Philip Foden,,,,,0,0,0,0,1,0,0,0,1,
3869118,Declan Rice,,,,,0,0,0,0,0,0,0,0,0,
3869118,Jordan Pickford,,,,,0,0,0,0,0,0,0,0,0,
3869118,Ismaïla Sarr,,,,,0,0,0,0,0,0,0,0,0,
3869118,Luke Shaw,,,,,0,0,0,0,0,0,0,0,0,
3869118,Harry Maguire,,,,,0,0,0,0,0,0,0,0,0,
3869118,John Stones,,,,,0,0,0,0,0,0,0,0,0,
3869118,Kyle Walker,,,,,0,0,0,0,0,0,0,0,0,
3869118,Jude Bellingham,,,,,0,0,0,0,1,0,0,0,1,
3869118,Jordan Brian Henderson,,,,,0,0,0,0,0,0,0,0,0,
3869118,Harry Kane,,,,,0,0,0,0,0,0,0,0,0,
3869118,Edouard Mendy,,,,,0,0,0,0,0,0,0,0,0,
3869118,Ismail Jakobs,,,,,0,0,0,0,0,0,0,0,0,
3869118,Bukayo Saka,,,,,0,0,0,0,0,0,0,0,0,
3869118,Boulaye Dia,,,,,0,0,0,0,0,0,0,0,0,
3869118,Pape Matar Sarr,,,,,0,0,0,0,0,0,0,0,0,
3869118,Pape Gueye,,,,,0,0,0,0,0,0,0,0,0,
3869118,Cheikh Ahmadou Bamba Mbacke Dieng,,,,,0,0,0,0,0,0,0,0,0,
3869118,Marcus Rashford,,,,,0,0,0,0,0,0,0,0,0,
3869118,Jack Grealish,,,,,0,0,0,0,0,0,0,0,0,
3869118,Famara Diedhiou,,,,,0,0,0,0,0,0,0,0,0,
3869118,Mason Mount,,,,,0,0,0,0,0,0,0,0,0,
3869118,Eric Dier,,,,,0,0,0,0,0,0,0,0,0,
3869118,Fodé Ballo Touré,,,,,0,0,0,0,0,0,0,0,0,
3869118,Kalvin Phillips,,,,,0,0,0,0,0,0,0,0,0,
3869151,Jackson Irvine,,,,,0,0,0,0,0,0,0,0,0,
3869151,Kye Rowles,,,,,0,0,0,0,0,0,0,0,0,
3869151,Mathew Leckie,,,,,0,0,0,0,0,0,0,0,0,
3869151,Mitchell Thomas Duke,,,,,0,0,0,0,0,0,0,0,0,
3869151,Miloš Degenek,,,,,0,0,0,0,0,0,0,0,0,
3869151,Enzo Fernandez,,,,,0,0,0,0,0,0,0,0,0,
3869151,Lionel Andrés Messi Cuccittini,,,,,0,0,0,0,0,0,0,0,0,
3869151,Alejandro Darío Gómez,,,,,0,0,0,0,0,0,0,0,0,
3869151,Marcos Javier Acuña,,,,,0,0,0,0,0,0,0,0,0,
3869151,Nicolás Hernán Otamendi,,,,,0,0,0,0,1,0,0,0,1,
3869151,Cristian Gabriel Romero,,,,,0,0,0,0,0,0,0,0,0,
3869151,Nahuel Molina Lucero,,,,,0,0,0,0,0,0,0,0,0,
3869151,Rodrigo Javier De Paul,,,,,0,0,0,0,0,0,0,0,0,
3869151,Aziz Eraltay Behich,,,,,0,0,0,0,0,0,0,0,0,
3869151,Harry Souttar,,,,,0,0,0,0,0,0,0,0,0,
3869151,Mathew Ryan,,,,,0,0,0,0,0,0,0,0,0,
3869151,Aaron Mooy,,,,,0,0,0,0,0,0,0,0,0,
3869151,Damián Emiliano Martínez,,,,,0,0,0,0,0,0,0,0,0,
3869151,Alexis Mac Allister,,,,,0,0,0,0,0,0,0,0,0,
3869151,Riley McGree,,,,,0,0,0,0,0,0,0,0,0,
3869151,Julián Álvarez,,,,,0,0,0,0,0,0,0,0,0,
3869151,Keanu Baccus,,,,,0,0,0,0,0,0,0,0,0,
3869151,Lisandro Martínez,,,,,0,0,0,0,0,0,0,0,0,
3869151,Craig Goodwin,,,,,0,0,0,0,0,0,0,0,0,
3869151,Ajdin Hrustic,,,,,0,0,0,0,0,0,0,0,0,
3869151,Nicolás Alejandro Tagliafico,,,,,0,0,0,0,0,0,0,0,0,
3869151,Fran Karačić,,,,,0,0,0,0,0,0,0,0,0,
3869151,Jamie MacLaren,,,,,0,0,0,0,0,0,0,0,0,
3869151,Lautaro Javier Martínez,,,,,0,0,0,0,0,0,0,0,0,
3869151,Gonzalo Ariel Montiel,,,,,0,0,0,0,0,0,0,0,0,
3869151,Exequiel Alejandro Palacios,,,,,0,0,0,0,0,0,0,0,0,
3869151,Garang Kuol,,,,,0,0,0,0,0,0,0,0,0,
3869152,Olivier Giroud,,,,,0,0,0,0,0,0,0,0,0,
3869152,Aurélien Djani Tchouaméni,,,,,0,0,0,0,0,0,0,0,0,
3869152,Jules Koundé,,,,,0,0,0,0,0,0,0,0,0,
3869152,Hugo Lloris,,,,,0,0,0,0,0,0,0,0,0,
3869152,Adrien Rabiot,,,,,0,0,0,0,0,0,0,0,0,
3869152,Antoine Griezmann,,,,,0,0,0,0,0,0,0,0,0,
3869152,Wojciech Szczęsny,,,,,0,0,0,0,0,0,0,0,0,
3869152,Theo Bernard François Hernández,,,,,0,0,0,0,0,0,0,0,0,
3869152,Dayotchanculle Upamecano,,,,,0,0,0,0,0,0,0,0,0,
3869152,Raphaël Varane,,,,,0,0,0,0,0,0,0,0,0,
3869152,Ousmane Dembélé,,,,,0,0,0,0,1,0,0,0,1,
3869152,Kylian Mbappé Lottin,,,,,0,0,0,0,1,0,0,0,1,
3869152,Grzegorz Krychowiak,,,,,0,0,0,0,0,0,0,0,0,
3869152,Kamil Glik,,,,,0,0,0,0,0,0,0,0,0,
3869152,Matty Cash,,,,,0,0,0,0,0,0,0,0,0,
3869152,Jakub Piotr Kiwior,,,,,0,0,0,0,0,0,0,0,0,
3869152,Przemysław Frankowski,,,,,0,0,0,0,0,0,0,0,0,
3869152,Jakub Kamiński,,,,,0,0,0,0,0,0,0,0,0,
3869152,Sebastian Szymański,,,,,0,0,0,0,0,0,0,0,0,
3869152,Piotr Zieliński,,,,,0,0,0,0,0,0,0,0,0,
3869152,Robert Lewandowski,,,,,0,0,0,0,0,0,0,0,0,
3869152,Bartosz Bereszyński,,,,,0,0,0,0,0,0,0,0,0,
3869152,Arkadiusz Milik,,,,,0,0,0,0,0,0,0,0,0,
3869152,Youssouf Fofana,,,,,0,0,0,0,0,0,0,0,0,
3869152,Krystian Bielik,,,,,0,0,0,0,0,0,0,0,0,
3869152,Nicola Zalewski,,,,,0,0,0,0,0,0,0,0,0,
3869152,Marcus Thuram,,,,,0,0,0,0,1,0,0,0,1,
3869152,Kingsley Coman,,,,,0,0,0,0,0,0,0,0,0,
3869152,Jan Bednarek,,,,,0,0,0,0,0,0,0,0,0,
3869152,Kamil Grosicki,,,,,0,0,0,0,0,0,0,0,0,
3869152,Axel Disasi,,,,,0,0,0,0,0,0,0,0,0,
3869219,Andrej Kramarić,,,,,0,0,0,0,0,0,0,0,0,
3869219,Dejan Lovren,,,,,0,0,0,0,1,0,0,0,1,
3869219,Bruno Petković,,,,,0,0,0,0,0,0,0,0,0,
3869219,Ivan Perišić,,,,,0,0,0,0,0,0,0,0,0,
3869219,Mateo Kovačić,,,,,0,0,0,0,0,0,0,0,0,
3869219,Joško Gvardiol,,,,,0,0,0,0,0,0,0,0,0,
3869219,Borna Barišić,,,,,0,0,0,0,0,0,0,0,0,
3869219,Marcelo Brozović,,,,,0,0,0,0,0,0,0,0,0,
3869219,Josip Juranović,,,,,0,0,0,0,0,0,0,0,0,
3869219,Yuto Nagatomo,,,,,0,0,0,0,0,0,0,0,0,
3869219,Hidemasa Morita,,,,,0,0,0,0,0,0,0,0,0,
3869219,Ritsu Doan,,,,,0,0,0,0,0,0,0,0,0,
3869219,Daichi Kamada,,,,,0,0,0,0,0,0,0,0,0,
3869219,Takehiro Tomiyasu,,,,,0,0,0,0,0,0,0,0,0,
3869219,Junya Ito,,,,,0,0,0,0,0,0,0,0,0,
3869219,Wataru Endo,,,,,0,0,0,0,0,0,0,0,0,
3869219,Dominik Livaković,,,,,0,0,0,0,0,0,0,0,0,
3869219,Luka Modrić,,,,,0,0,0,0,0,0,0,0,0,
3869219,Maya Yoshida,,,,,0,0,0,0,0,0,0,0,0,
3869219,Shūichi Gonda,,,,,0,0,0,0,0,0,0,0,0,
3869219,Shogo Taniguchi,,,,,0,0,0,0,0,0,0,0,0,
3869219,Daizen Maeda,,,,,0,0,0,0,0,0,0,0,0,
3869219,Kaoru Mitoma,,,,,0,0,0,0,0,0,0,0,0,
3869219,Ante Budimir,,,,,0,0,0,0,0,0,0,0,0,
3869219,Mario Pašalić,,,,,0,0,0,0,0,0,0,0,0,
3869219,Takuma Asano,,,,,0,0,0,0,0,0,0,0,0,
3869219,Hiroki Sakai,,,,,0,0,0,0,0,0,0,0,0,
3869219,Takumi Minamino,,,,,0,0,0,0,0,0,0,0,0,
3869219,Lovro Majer,,,,,0,0,0,0,0,0,0,0,0,
3869219,Nikola Vlašić,,,,,0,0,0,0,0,0,0,0,0,
3869219,Marko Livaja,,,,,0,0,0,0,0,0,0,0,0,
3869219,Ao Tanaka,,,,,0,0,0,0,0,0,0,0,0,
3869219,Mislav Oršić,,,,,0,0,0,0,0,0,0,0,0,
3869220,Pablo Martín Páez Gavira,,,,,0,0,0,0,0,0,0,0,0,
3869220,Aymeric Laporte,,,,,0,0,0,0,0,0,0,0,0,
3869220,Rodrigo Hernández Cascante,,,,,0,0,0,0,0,0,0,0,0,
3869220,Daniel Olmo Carvajal,,,,,0,0,0,0,0,0,0,0,0,
3869220,Pedro González López,,,,,0,0,0,0,0,0,0,0,0,
3869220,Marcos Llorente Moreno,,,,,0,0,0,0,0,0,0,0,0,
3869220,Jordi Alba Ramos,,,,,0,0,0,0,0,0,0,0,0,
3869220,Noussair Mazraoui,,,,,0,0,0,0,0,0,0,0,0,
3869220,Selim Amallah,,,,,0,0,0,0,0,0,0,0,0,
3869220,Azzedine Ounahi,,,,,0,0,0,0,0,0,0,0,0,
3869220,Sofyan Amrabat,,,,,0,0,0,0,0,0,0,0,0,
3869220,Nayef Aguerd,,,,,0,0,0,0,0,0,0,0,0,
3869220,Achraf Hakimi Mouh,,,,,0,0,0,0,0,0,0,0,0,
3869220,Ferrán Torres García,,,,,0,0,0,0,0,0,0,0,0,
3869220,Sergio Busquets i Burgos,,,,,0,0,0,0,0,0,0,0,0,
3869220,Hakim Ziyech,,,,,0,0,0,0,0,0,0,0,0,
3869220,Unai Simón Mendibil,,,,,0,0,0,0,0,0,0,0,0,
3869220,Yassine Bounou,,,,,0,0,0,0,0,0,0,0,0,
3869220,Sofiane Boufal,,,,,0,0,0,0,0,0,0,0,0,
3869220,Romain Saïss,,,,,0,0,0,0,0,0,0,0,0,
3869220,Marco Asensio Willemsen,,,,,0,0,0,0,0,0,0,0,0,
3869220,Youssef En-Nesyri,,,,,0,0,0,0,0,0,0,0,0,
3869220,Carlos Soler Barragán,,,,,0,0,0,0,0,0,0,0,0,
3869220,Abdessamad Ezzalzouli,,,,,0,0,0,0,0,0,0,0,0,
3869220,Álvaro Borja Morata Martín,,,,,0,0,0,0,0,0,0,0,0,
3869220,Nicholas Williams Arthuer,,,,,0,0,0,0,0,0,0,0,0,
3869220,Jawad El Yamiq,,,,,0,0,0,0,0,0,0,0,0,
3869220,Yahia Attiyat allah,,,,,0,0,0,0,0,0,0,0,0,
3869220,Abdelhamid Sabiri,,,,,0,0,0,0,0,0,0,0,0,
3869220,Walid Cheddira,,,,,0,0,0,0,0,0,0,0,0,
3869220,Alejandro Balde Martínez,,,,,0,0,0,0,0,0,0,0,0,
3869220,Anssumane Fati,,,,,0,0,0,0,0,0,0,0,0,
3869220,Pablo Sarabia García,,,,,0,0,0,0,0,0,0,0,0,
3869220,Badr Banoun,,,,,0,0,0,0,0,0,0,0,0,
3869253,Heung-Min Son,,,,,0,0,0,0,0,0,0,0,0,
3869253,Woo-Young Jung,,,,,0,0,0,0,0,0,0,0,0,
3869253,In-Beom Hwang,,,,,0,0,0,0,0,0,0,0,0,
3869253,Young-Gwon Kim,,,,,0,0,0,0,0,0,0,0,0,
3869253,Min Jae Kim,,,,,0,0,0,0,0,0,0,0,0,
3869253,Thiago Emiliano da Silva,,,,,0,0,0,0,1,0,0,0,1,
3869253,Raphael Dias Belloli,,,,,0,0,0,0,0,0,0,0,0,
3869253,Jin-Su Kim,,,,,0,0,0,0,0,0,0,0,0,
3869253,Marcos Aoás Corrêa,,,,,0,0,0,0,0,0,0,0,0,
3869253,Danilo Luiz da Silva,,,,,0,0,0,0,0,0,0,0,0,
3869253,Vinícius José Paixão de Oliveira Júnior,,,,,0,0,0,0,1,0,0,0,1,
3869253,Moon-Hwan Kim,,,,,0,0,0,0,0,0,0,0,0,
3869253,Gue-Sung Cho,,,,,0,0,0,0,0,0,0,0,0,
3869253,Jae-Sung Lee,,,,,0,0,0,0,0,0,0,0,0,
3869253,Carlos Henrique Casimiro,,,,,0,0,0,0,0,0,0,0,0,
3869253,Éder Gabriel Militão,,,,,0,0,0,0,0,0,0,0,0,
3869253,Alisson Ramsés Becker,,,,,0,0,0,0,0,0,0,0,0,
3869253,Richarlison de Andrade,,,,,0,0,0,0,0,0,0,0,0,
3869253,Seung-Gyu Kim,,,,,0,0,0,0,0,0,0,0,0,
3869253,Hee-Chan Hwang,,,,,0,0,0,0,0,0,0,0,0,
3869253,Neymar da Silva Santos Junior,,,,,0,0,0,0,0,0,0,0,0,
3869253,Lucas Tolentino Coelho de Lima,,,,,0,0,0,0,0,0,0,0,0,
3869253,Jun-Ho Son,,,,,0,0,0,0,0,0,0,0,0,
3869253,Chul Hong,,,,,0,0,0,0,0,0,0,0,0,
3869253,Daniel Alves da Silva,,,,,0,0,0,0,0,0,0,0,0,
3869253,Seung-Ho Paik,,,,,0,0,0,0,0,0,0,0,0,
3869253,Gabriel Teodoro Martinelli Silva,,,,,0,0,0,0,0,0,0,0,0,
3869253,Gleison Bremer Silva Nascimento,,,,,0,0,0,0,0,0,0,0,0,
3869253,Kang-In Lee,,,,,0,0,0,0,0,0,0,0,0,
3869253,Weverton Pereira da Silva,,,,,0,0,0,0,0,0,0,0,0,
3869253,Rodrygo Silva de Goes,,,,,0,0,0,0,0,0,0,0,0,
3869254,Breel-Donald Embolo,,,,,0,0,0,0,0,0,0,0,0,
3869254,Manuel Obafemi Akanji,,,,,0,0,0,0,0,0,0,0,0,
3869254,Ricardo Iván Rodríguez Araya,,,,,0,0,0,0,0,0,0,0,0,
3869254,William Silva de Carvalho,,,,,0,0,0,0,0,0,0,0,0,
3869254,José Diogo Dalot Teixeira,,,,,0,0,0,0,0,0,0,0,0,
3869254,João Félix Sequeira,,,,,0,0,0,0,2,0,0,0,2,
3869254,Bernardo Mota Veiga de Carvalho e Silva,,,,,0,0,0,0,0,0,0,0,0,
3869254,Otávio Edmilson da Silva Monteiro,,,,,0,0,0,0,0,0,0,0,0,
3869254,Rúben Santos Gato Alves Dias,,,,,0,0,0,0,0,0,0,0,0,
3869254,Kléper Laveran Lima Ferreira,,,,,0,0,0,0,0,0,0,0,0,
3869254,Diogo Meireles Costa,,,,,0,0,0,0,0,0,0,0,0,
3869254,Raphaël Adelino José Guerreiro,,,,,0,0,0,0,1,0,0,0,1,
3869254,Edimilson Fernandes,,,,,0,0,0,0,0,0,0,0,0,
3869254,Bruno Miguel Borges Fernandes,,,,,0,0,0,0,1,0,0,0,1,
3869254,Fabian Lukas Schär,,,,,0,0,0,0,0,0,0,0,0,
3869254,Granit Xhaka,,,,,0,0,0,0,0,0,0,0,0,
3869254,Ruben Vargas,,,,,0,0,0,0,0,0,0,0,0,
3869254,Xherdan Shaqiri,,,,,0,0,0,0,0,0,0,0,0,
3869254,Yann Sommer,,,,,0,0,0,0,0,0,0,0,0,
3869254,Remo Freuler,,,,,0,0,0,0,0,0,0,0,0,
3869254,Gonçalo Matias Ramos,,,,,0,0,0,0,1,0,0,0,1,
3869254,Djibril Sow,,,,,0,0,0,0,0,0,0,0,0,
3869254,Eray Ervin Cömert,,,,,0,0,0,0,0,0,0,0,0,
3869254,Haris Seferović,,,,,0,0,0,0,0,0,0,0,0,
3869254,Denis Lemi Zakaria Lako Lado,,,,,0,0,0,0,0,0,0,0,0,
3869254,Noah Okafor,,,,,0,0,0,0,0,0,0,0,0,
3869254,Cristiano Ronaldo dos Santos Aveiro,,,,,0,0,0,0,0,0,0,0,0,
3869254,Vitor Machado Ferreira,,,,,0,0,0,0,0,0,0,0,0,
3869254,Ricardo Jorge Luz Horta,,,,,0,0,0,0,0,0,0,0,0,
3869254,Rúben Diogo Da Silva Neves,,,,,0,0,0,0,0,0,0,0,0,
3869254,Rafael Alexandre Conceição Leão,,,,,0,0,0,0,0,0,0,0,0,
3869254,Ardon Jashari,,,,,0,0,0,0,0,0,0,0,0,
3869321,Memphis Depay,,,,,0,0,0,0,0,0,0,0,0,
3869321,Nathan Aké,,,,,0,0,0,0,0,0,0,0,0,
3869321,Denzel Dumfries,,,,,0,0,0,0,0,0,0,0,0,
3869321,Enzo Fernandez,,,,,0,0,0,0,0,0,0,0,0,
3869321,Nicolás Hernán Otamendi,,,,,0,0,0,0,0,0,0,0,0,
3869321,Cristian Gabriel Romero,,,,,0,0,0,0,0,0,0,0,0,
3869321,Nahuel Molina Lucero,,,,,0,0,0,0,0,0,0,0,0,
3869321,Frenkie de Jong,,,,,0,0,0,0,0,0,0,0,0,
3869321,Cody Mathès Gakpo,,,,,0,0,0,0,0,0,0,0,0,
3869321,Virgil van Dijk,,,,,0,0,0,0,0,0,0,0,0,
3869321,Marten de Roon,,,,,0,0,0,0,0,0,0,0,0,
3869321,Jurriën David Norman Timber,,,,,0,0,0,0,0,0,0,0,0,
3869321,Daley Blind,,,,,0,0,0,0,0,0,0,0,0,
3869321,Andries Noppert,,,,,0,0,0,0,0,0,0,0,0,
3869321,Rodrigo Javier De Paul,,,,,0,0,0,0,0,0,0,0,0,
3869321,Alexis Mac Allister,,,,,0,0,0,0,0,0,0,0,0,
3869321,Marcos Javier Acuña,,,,,0,0,0,0,0,0,0,0,0,
3869321,Lisandro Martínez,,,,,0,0,0,0,0,0,0,0,0,
3869321,Lionel Andrés Messi Cuccittini,,,,,0,0,0,0,1,0,0,0,1,
3869321,Steven Bergwijn,,,,,0,0,0,0,0,0,0,0,0,
3869321,Julián Álvarez,,,,,0,0,0,0,0,0,0,0,0,
3869321,Damián Emiliano Martínez,,,,,0,0,0,0,0,0,0,0,0,
3869321,Steven Berghuis,,,,,0,0,0,0,1,0,0,0,1,
3869321,Teun Koopmeiners,,,,,0,0,0,0,1,0,0,0,1,
3869321,Leandro Daniel Paredes,,,,,0,0,0,0,0,0,0,0,0,
3869321,Germán Alejandro Pezzella,,,,,0,0,0,0,0,0,0,0,0,
3869321,Wout Weghorst,,,,,0,0,0,0,0,0,0,0,0,
3869321,Lautaro Javier Martínez,,,,,0,0,0,0,0,0,0,0,0,
3869321,Luuk de Jong,,,,,0,0,0,0,0,0,0,0,0,
3869321,Nicolás Alejandro Tagliafico,,,,,0,0,0,0,0,0,0,0,0,
3869321,Gonzalo Ariel Montiel,,,,,0,0,0,0,0,0,0,0,0,
3869321,Ángel Fabián Di María Hernández,,,,,0,0,0,0,0,0,0,0,0,
3869321,Noa Lang,,,,,0,0,0,0,0,0,0,0,0,
3869354,Antoine Griezmann,,,,,0,0,0,0,2,0,0,0,2,
3869354,Aurélien Djani Tchouaméni,,,,,0,0,0,0,0,0,0,0,0,
3869354,Jude Bellingham,,,,,0,0,0,0,0,0,0,0,0,
3869354,Harry Maguire,,,,,0,0,0,0,0,0,0,0,0,
3869354,Ousmane Dembélé,,,,,0,0,0,0,0,0,0,0,0,
3869354,Jordan Pickford,,,,,0,0,0,0,0,0,0,0,0,
3869354,John Stones,,,,,0,0,0,0,0,0,0,0,0,
3869354,Declan Rice,,,,,0,0,0,0,0,0,0,0,0,
3869354,Luke Shaw,,,,,0,0,0,0,0,0,0,0,0,
3869354,Jules Koundé,,,,,0,0,0,0,0,0,0,0,0,
3869354,Dayotchanculle Upamecano,,,,,0,0,0,0,0,0,0,0,0,
3869354,Theo Bernard François Hernández,,,,,0,0,0,0,0,0,0,0,0,
3869354,Kylian Mbappé Lottin,,,,,0,0,0,0,0,0,0,0,0,
3869354,Adrien Rabiot,,,,,0,0,0,0,0,0,0,0,0,
3869354,Raphaël Varane,,,,,0,0,0,0,0,0,0,0,0,
3869354,Bukayo Saka,,,,,0,0,0,0,0,0,0,0,0,
3869354,Harry Kane,,,,,0,0,0,0,0,0,0,0,0,
3869354,Jordan Brian Henderson,,,,,0,0,0,0,0,0,0,0,0,
3869354,Philip Foden,,,,,0,0,0,0,0,0,0,0,0,
3869354,Hugo Lloris,,,,,0,0,0,0,0,0,0,0,0,
3869354,Kyle Walker,,,,,0,0,0,0,0,0,0,0,0,
3869354,Olivier Giroud,,,,,0,0,0,0,0,0,0,0,0,
3869354,Mason Mount,,,,,0,0,0,0,0,0,0,0,0,
3869354,Marcus Rashford,,,,,0,0,0,0,0,0,0,0,0,
3869354,Raheem Sterling,,,,,0,0,0,0,0,0,0,0,0,
3869420,Luka Modrić,,,,,0,0,0,0,0,0,0,0,0,
3869420,Marcelo Brozović,,,,,0,0,0,0,0,0,0,0,0,
3869420,Dejan Lovren,,,,,0,0,0,0,0,0,0,0,0,
3869420,Josip Juranović,,,,,0,0,0,0,0,0,0,0,0,
3869420,Danilo Luiz da Silva,,,,,0,0,0,0,0,0,0,0,0,
3869420,Carlos Henrique Casimiro,,,,,0,0,0,0,0,0,0,0,0,
3869420,Thiago Emiliano da Silva,,,,,0,0,0,0,0,0,0,0,0,
3869420,Marcos Aoás Corrêa,,,,,0,0,0,0,0,0,0,0,0,
3869420,Éder Gabriel Militão,,,,,0,0,0,0,0,0,0,0,0,
3869420,Neymar da Silva Santos Junior,,,,,0,0,0,0,0,0,0,0,0,
3869420,Raphael Dias Belloli,,,,,0,0,0,0,0,0,0,0,0,
3869420,Lucas Tolentino Coelho de Lima,,,,,0,0,0,0,1,0,0,0,1,
3869420,Richarlison de Andrade,,,,,0,0,0,0,0,0,0,0,0,
3869420,Borna Sosa,,,,,0,0,0,0,0,0,0,0,0,
3869420,Mateo Kovačić,,,,,0,0,0,0,0,0,0,0,0,
3869420,Joško Gvardiol,,,,,0,0,0,0,0,0,0,0,0,
3869420,Alisson Ramsés Becker,,,,,0,0,0,0,0,0,0,0,0,
3869420,Dominik Livaković,,,,,0,0,0,0,0,0,0,0,0,
3869420,Andrej Kramarić,,,,,0,0,0,0,0,0,0,0,0,
3869420,Vinícius José Paixão de Oliveira Júnior,,,,,0,0,0,0,0,0,0,0,0,
3869420,Mario Pašalić,,,,,0,0,0,0,0,0,0,0,0,
3869420,Ivan Perišić,,,,,0,0,0,0,0,0,0,0,0,
3869420,Antony Matheus dos Santos,,,,,0,0,0,0,0,0,0,0,0,
3869420,Rodrygo Silva de Goes,,,,,0,0,0,0,0,0,0,0,0,
3869420,Bruno Petković,,,,,0,0,0,0,0,0,0,0,0,
3869420,Nikola Vlašić,,,,,0,0,0,0,0,0,0,0,0,
3869420,Pedro Guilherme Abreu dos Santos,,,,,0,0,0,0,0,0,0,0,0,
3869420,Lovro Majer,,,,,0,0,0,0,0,0,0,0,0,
3869420,Alex Sandro Lobo Silva,,,,,0,0,0,0,0,0,0,0,0,
3869420,Frederico Rodrigues Santos,,,,,0,0,0,0,0,0,0,0,0,
3869420,Mislav Oršić,,,,,0,0,0,0,1,0,0,0,1,
3869486,Otávio Edmilson da Silva Monteiro,,,,,0,0,0,0,0,0,0,0,0,
3869486,Rúben Diogo Da Silva Neves,,,,,0,0,0,0,0,0,0,0,0,
3869486,Kléper Laveran Lima Ferreira,,,,,0,0,0,0,0,0,0,0,0,
3869486,Rúben Santos Gato Alves Dias,,,,,0,0,0,0,0,0,0,0,0,
3869486,Yassine Bounou,,,,,0,0,0,0,0,0,0,0,0,
3869486,Achraf Hakimi Mouh,,,,,0,0,0,0,0,0,0,0,0,
3869486,Raphaël Adelino José Guerreiro,,,,,0,0,0,0,0,0,0,0,0,
3869486,Jawad El Yamiq,,,,,0,0,0,0,0,0,0,0,0,
3869486,Sofyan Amrabat,,,,,0,0,0,0,0,0,0,0,0,
3869486,João Félix Sequeira,,,,,0,0,0,0,0,0,0,0,0,
3869486,Hakim Ziyech,,,,,0,0,0,0,0,0,0,0,0,
3869486,Bruno Miguel Borges Fernandes,,,,,0,0,0,0,0,0,0,0,0,
3869486,Bernardo Mota Veiga de Carvalho e Silva,,,,,0,0,0,0,0,0,0,0,0,
3869486,José Diogo Dalot Teixeira,,,,,0,0,0,0,0,0,0,0,0,
3869486,Yahia Attiyat allah,,,,,0,0,0,0,1,0,0,0,1,
3869486,Youssef En-Nesyri,,,,,0,0,0,0,0,0,0,0,0,
3869486,Selim Amallah,,,,,0,0,0,0,0,0,0,0,0,
3869486,Diogo Meireles Costa,,,,,0,0,0,0,0,0,0,0,0,
3869486,Romain Saïss,,,,,0,0,0,0,0,0,0,0,0,
3869486,Azzedine Ounahi,,,,,0,0,0,0,0,0,0,0,0,
3869486,Sofiane Boufal,,,,,0,0,0,0,0,0,0,0,0,
3869486,Gonçalo Matias Ramos,,,,,0,0,0,0,0,0,0,0,0,
3869486,Cristiano Ronaldo dos Santos Aveiro,,,,,0,0,0,0,0,0,0,0,0,
3869486,João Pedro Cavaco Cancelo,,,,,0,0,0,0,0,0,0,0,0,
3869486,Achraf Dari,,,,,0,0,0,0,0,0,0,0,0,
3869486,Vitor Machado Ferreira,,,,,0,0,0,0,0,0,0,0,0,
3869486,Rafael Alexandre Conceição Leão,,,,,0,0,0,0,0,0,0,0,0,
3869486,Walid Cheddira,,,,,0,0,0,0,0,0,0,0,0,
3869486,Ricardo Jorge Luz Horta,,,,,0,0,0,0,0,0,0,0,0,
3869486,Yahya Jabrane,,,,,0,0,0,0,0,0,0,0,0,
3869486,Zakaria Aboukhlal,,,,,0,0,0,0,0,0,0,0,0,
3869519,Andrej Kramarić,,,,,0,0,0,0,0,0,0,0,0,
3869519,Dejan Lovren,,,,,0,0,0,0,0,0,0,0,0,
3869519,Nicolás Hernán Otamendi,,,,,0,0,0,0,0,0,0,0,0,
3869519,Marcelo Brozović,,,,,0,0,0,0,0,0,0,0,0,
3869519,Josip Juranović,,,,,0,0,0,0,0,0,0,0,0,
3869519,Borna Sosa,,,,,0,0,0,0,0,0,0,0,0,
3869519,Joško Gvardiol,,,,,0,0,0,0,0,0,0,0,0,
3869519,Dominik Livaković,,,,,0,0,0,0,0,0,0,0,0,
3869519,Alexis Mac Allister,,,,,0,0,0,0,0,0,0,0,0,
3869519,Nicolás Alejandro Tagliafico,,,,,0,0,0,0,0,0,0,0,0,
3869519,Cristian Gabriel Romero,,,,,0,0,0,0,0,0,0,0,0,
3869519,Rodrigo Javier De Paul,,,,,0,0,0,0,0,0,0,0,0,
3869519,Damián Emiliano Martínez,,,,,0,0,0,0,0,0,0,0,0,
3869519,Nahuel Molina Lucero,,,,,0,0,0,0,0,0,0,0,0,
3869519,Leandro Daniel Paredes,,,,,0,0,0,0,0,0,0,0,0,
3869519,Mateo Kovačić,,,,,0,0,0,0,0,0,0,0,0,
3869519,Luka Modrić,,,,,0,0,0,0,0,0,0,0,0,
3869519,Enzo Fernandez,,,,,0,0,0,0,0,0,0,0,0,
3869519,Lionel Andrés Messi Cuccittini,,,,,0,0,0,0,1,0,0,0,1,
3869519,Julián Álvarez,,,,,0,0,0,0,0,0,0,0,0,
3869519,Ivan Perišić,,,,,0,0,0,0,0,0,0,0,0,
3869519,Mario Pašalić,,,,,0,0,0,0,0,0,0,0,0,
3869519,Nikola Vlašić,,,,,0,0,0,0,0,0,0,0,0,
3869519,Bruno Petković,,,,,0,0,0,0,0,0,0,0,0,
3869519,Mislav Oršić,,,,,0,0,0,0,0,0,0,0,0,
3869519,Lisandro Martínez,,,,,0,0,0,0,0,0,0,0,0,
3869519,Marko Livaja,,,,,0,0,0,0,0,0,0,0,0,
3869519,Paulo Bruno Exequiel Dybala,,,,,0,0,0,0,0,0,0,0,0,
3869519,Exequiel Alejandro Palacios,,,,,0,0,0,0,0,0,0,0,0,
3869519,Lovro Majer,,,,,0,0,0,0,0,0,0,0,0,
3869519,Juan Marcos Foyth,,,,,0,0,0,0,0,0,0,0,0,
3869519,Ángel Martín Correa,,,,,0,0,0,0,0,0,0,0,0,
3869552,Sofyan Amrabat,,,,,0,0,0,0,0,0,0,0,0,
3869552,Achraf Dari,,,,,0,0,0,0,0,0,0,0,0,
3869552,Yassine Bounou,,,,,0,0,0,0,0,0,0,0,0,
3869552,Jawad El Yamiq,,,,,0,0,0,0,0,0,0,0,0,
3869552,Romain Saïss,,,,,0,0,0,0,0,0,0,0,0,
3869552,Azzedine Ounahi,,,,,0,0,0,0,0,0,0,0,0,
3869552,Sofiane Boufal,,,,,0,0,0,0,0,0,0,0,0,
3869552,Aurélien Djani Tchouaméni,,,,,0,0,0,0,0,0,0,0,0,
3869552,Antoine Griezmann,,,,,0,0,0,0,0,0,0,0,0,
3869552,Ousmane Dembélé,,,,,0,0,0,0,0,0,0,0,0,
3869552,Jules Koundé,,,,,0,0,0,0,0,0,0,0,0,
3869552,Noussair Mazraoui,,,,,0,0,0,0,0,0,0,0,0,
3869552,Hakim Ziyech,,,,,0,0,0,0,0,0,0,0,0,
3869552,Achraf Hakimi Mouh,,,,,0,0,0,0,0,0,0,0,0,
3869552,Youssouf Fofana,,,,,0,0,0,0,0,0,0,0,0,
3869552,Theo Bernard François Hernández,,,,,0,0,0,0,0,0,0,0,0,
3869552,Ibrahima Konaté,,,,,0,0,0,0,0,0,0,0,0,
3869552,Raphaël Varane,,,,,0,0,0,0,0,0,0,0,0,
3869552,Kylian Mbappé Lottin,,,,,0,0,0,0,0,0,0,0,0,
3869552,Youssef En-Nesyri,,,,,0,0,0,0,0,0,0,0,0,
3869552,Hugo Lloris,,,,,0,0,0,0,0,0,0,0,0,
3869552,Olivier Giroud,,,,,0,0,0,0,0,0,0,0,0,
3869552,Selim Amallah,,,,,0,0,0,0,0,0,0,0,0,
3869552,Yahia Attiyat allah,,,,,0,0,0,0,0,0,0,0,0,
3869552,Abderrazak Hamdallah,,,,,0,0,0,0,0,0,0,0,0,
3869552,Marcus Thuram,,,,,0,0,0,0,0,0,0,0,0,
3869552,Zakaria Aboukhlal,,,,,0,0,0,0,0,0,0,0,0,
3869552,Randal Kolo Muani,,,,,0,0,0,0,0,0,0,0,0,
3869552,Abdessamad Ezzalzouli,,,,,0,0,0,0,0,0,0,0,0,
3869684,Mateo Kovačić,,,,,0,0,0,0,0,0,0,0,0,
3869684,Joško Gvardiol,,,,,0,0,0,0,0,0,0,0,0,
3869684,Josip Stanišić,,,,,0,0,0,0,0,0,0,0,0,
3869684,Josip Šutalo,,,,,0,0,0,0,0,0,0,0,0,
3869684,Luka Modrić,,,,,0,0,0,0,0,0,0,0,0,
3869684,Marko Livaja,,,,,0,0,0,0,1,0,0,0,1,
3869684,Mislav Oršić,,,,,0,0,0,0,0,0,0,0,0,
3869684,Andrej Kramarić,,,,,0,0,0,0,0,0,0,0,0,
3869684,Ivan Perišić,,,,,0,0,0,0,1,0,0,0,1,
3869684,Lovro Majer,,,,,0,0,0,0,0,0,0,0,0,
3869684,Youssef En-Nesyri,,,,,0,0,0,0,0,0,0,0,0,
3869684,Jawad El Yamiq,,,,,0,0,0,0,0,0,0,0,0,
3869684,Achraf Hakimi Mouh,,,,,0,0,0,0,0,0,0,0,0,
3869684,Yassine Bounou,,,,,0,0,0,0,0,0,0,0,0,
3869684,Yahia Attiyat allah,,,,,0,0,0,0,0,0,0,0,0,
3869684,Achraf Dari,,,,,0,0,0,0,0,0,0,0,0,
3869684,Bilal El Khannous,,,,,0,0,0,0,0,0,0,0,0,
3869684,Sofiane Boufal,,,,,0,0,0,0,0,0,0,0,0,
3869684,Abdelhamid Sabiri,,,,,0,0,0,0,0,0,0,0,0,
3869684,Hakim Ziyech,,,,,0,0,0,0,0,0,0,0,0,
3869684,Sofyan Amrabat,,,,,0,0,0,0,0,0,0,0,0,
3869684,Dominik Livaković,,,,,0,0,0,0,0,0,0,0,0,
3869684,Ilias Chair,,,,,0,0,0,0,0,0,0,0,0,
3869684,Azzedine Ounahi,,,,,0,0,0,0,0,0,0,0,0,
3869684,Badr Banoun,,,,,0,0,0,0,0,0,0,0,0,
3869684,Anass Zaroury,,,,,0,0,0,0,0,0,0,0,0,
3869684,Nikola Vlašić,,,,,0,0,0,0,0,0,0,0,0,
3869684,Bruno Petković,,,,,0,0,0,0,0,0,0,0,0,
3869684,Selim Amallah,,,,,0,0,0,0,0,0,0,0,0,
3869684,Mario Pašalić,,,,,0,0,0,0,0,0,0,0,0,
3869685,Antoine Griezmann,,,,,0,0,0,0,0,0,0,0,0,
3869685,Aurélien Djani Tchouaméni,,,,,0,0,0,0,0,0,0,0,0,
3869685,Nahuel Molina Lucero,,,,,0,0,0,0,0,0,0,0,0,
3869685,Rodrigo Javier De Paul,,,,,0,0,0,0,0,0,0,0,0,
3869685,Cristian Gabriel Romero,,,,,0,0,0,0,0,0,0,0,0,
3869685,Nicolás Hernán Otamendi,,,,,0,0,0,0,0,0,0,0,0,
3869685,Nicolás Alejandro Tagliafico,,,,,0,0,0,0,0,0,0,0,0,
3869685,Damián Emiliano Martínez,,,,,0,0,0,0,0,0,0,0,0,
3869685,Theo Bernard François Hernández,,,,,0,0,0,0,0,0,0,0,0,
3869685,Adrien Rabiot,,,,,0,0,0,0,0,0,0,0,0,
3869685,Raphaël Varane,,,,,0,0,0,0,0,0,0,0,0,
3869685,Jules Koundé,,,,,0,0,0,0,0,0,0,0,0,
3869685,Alexis Mac Allister,,,,,0,0,0,0,1,0,0,0,1,
3869685,Lionel Andrés Messi Cuccittini,,,,,0,0,0,0,0,0,0,0,0,
3869685,Ángel Fabián Di María Hernández,,,,,0,0,0,0,0,0,0,0,0,
3869685,Hugo Lloris,,,,,0,0,0,0,0,0,0,0,0,
3869685,Olivier Giroud,,,,,0,0,0,0,0,0,0,0,0,
3869685,Enzo Fernandez,,,,,0,0,0,0,0,0,0,0,0,
3869685,Kylian Mbappé Lottin,,,,,0,0,0,0,0,0,0,0,0,
3869685,Ousmane Dembélé,,,,,0,0,0,0,0,0,0,0,0,
3869685,Julián Álvarez,,,,,0,0,0,0,0,0,0,0,0,
3869685,Dayotchanculle Upamecano,,,,,0,0,0,0,0,0,0,0,0,
3869685,Randal Kolo Muani,,,,,0,0,0,0,0,0,0,0,0,
3869685,Marcus Thuram,,,,,0,0,0,0,1,0,0,0,1,
3869685,Marcos Javier Acuña,,,,,0,0,0,0,0,0,0,0,0,
3869685,Eduardo Camavinga,,,,,0,0,0,0,0,0,0,0,0,
3869685,Kingsley Coman,,,,,0,0,0,0,0,0,0,0,0,
3869685,Gonzalo Ariel Montiel,,,,,0,0,0,0,0,0,0,0,0,
3869685,Youssouf Fofana,,,,,0,0,0,0,0,0,0,0,0,
3869685,Leandro Daniel Paredes,,,,,0,0,0,0,0,0,0,0,0,
3869685,Lautaro Javier Martínez,,,,,0,0,0,0,0,0,0,0,0,
3869685,Ibrahima Konaté,,,,,0,0,0,0,0,0,0,0,0,
3869685,Paulo Bruno Exequiel Dybala,,,,,0,0,0,0,0,0,0,0,0,
3869685,Germán Alejandro Pezzella,,,,,0,0,0,0,0,0,0,0,0,
